"","Time","scenario","summary_stat","incident_symptomatic","cum_symp"
"1",2020-03-01,"A","Median",0,0
"2",2020-03-02,"A","Median",0,0
"3",2020-03-03,"A","Median",1,1
"4",2020-03-04,"A","Median",1,2
"5",2020-03-05,"A","Median",1,3
"6",2020-03-06,"A","Median",1,4
"7",2020-03-07,"A","Median",1,5
"8",2020-03-08,"A","Median",1,6
"9",2020-03-09,"A","Median",4,10
"10",2020-03-10,"A","Median",5,15
"11",2020-03-11,"A","Median",6,21
"12",2020-03-12,"A","Median",6,27
"13",2020-03-13,"A","Median",6,33
"14",2020-03-14,"A","Median",6,39
"15",2020-03-15,"A","Median",6,45
"16",2020-03-16,"A","Median",6,51
"17",2020-03-17,"A","Median",6,57
"18",2020-03-18,"A","Median",6,63
"19",2020-03-19,"A","Median",6,69
"20",2020-03-20,"A","Median",6,75
"21",2020-03-21,"A","Median",6,81
"22",2020-03-22,"A","Median",6,87
"23",2020-03-23,"A","Median",6,93
"24",2020-03-24,"A","Median",6,99
"25",2020-03-25,"A","Median",6,105
"26",2020-03-26,"A","Median",6,111
"27",2020-03-27,"A","Median",6,117
"28",2020-03-28,"A","Median",7,124
"29",2020-03-29,"A","Median",7,131
"30",2020-03-30,"A","Median",8,139
"31",2020-03-31,"A","Median",8.5,147.5
"32",2020-04-01,"A","Median",8,155.5
"33",2020-04-02,"A","Median",8,163.5
"34",2020-04-03,"A","Median",8,171.5
"35",2020-04-04,"A","Median",8,179.5
"36",2020-04-05,"A","Median",8,187.5
"37",2020-04-06,"A","Median",8,195.5
"38",2020-04-07,"A","Median",8,203.5
"39",2020-04-08,"A","Median",8,211.5
"40",2020-04-09,"A","Median",8,219.5
"41",2020-04-10,"A","Median",8,227.5
"42",2020-04-11,"A","Median",8,235.5
"43",2020-04-12,"A","Median",8,243.5
"44",2020-04-13,"A","Median",8,251.5
"45",2020-04-14,"A","Median",8,259.5
"46",2020-04-15,"A","Median",8,267.5
"47",2020-04-16,"A","Median",8,275.5
"48",2020-04-17,"A","Median",8,283.5
"49",2020-04-18,"A","Median",8,291.5
"50",2020-04-19,"A","Median",8,299.5
"51",2020-04-20,"A","Median",8,307.5
"52",2020-04-21,"A","Median",8,315.5
"53",2020-04-22,"A","Median",8,323.5
"54",2020-04-23,"A","Median",8,331.5
"55",2020-04-24,"A","Median",8,339.5
"56",2020-04-25,"A","Median",8,347.5
"57",2020-04-26,"A","Median",8,355.5
"58",2020-04-27,"A","Median",8,363.5
"59",2020-04-28,"A","Median",8,371.5
"60",2020-04-29,"A","Median",8,379.5
"61",2020-04-30,"A","Median",9,388.5
"62",2020-05-01,"A","Median",8.5,397
"63",2020-05-02,"A","Median",8,405
"64",2020-05-03,"A","Median",9,414
"65",2020-05-04,"A","Median",9,423
"66",2020-05-05,"A","Median",8,431
"67",2020-05-06,"A","Median",9,440
"68",2020-05-07,"A","Median",9,449
"69",2020-05-08,"A","Median",9,458
"70",2020-05-09,"A","Median",8,466
"71",2020-05-10,"A","Median",10,476
"72",2020-05-11,"A","Median",9,485
"73",2020-05-12,"A","Median",10,495
"74",2020-05-13,"A","Median",11,506
"75",2020-05-14,"A","Median",9,515
"76",2020-05-15,"A","Median",9,524
"77",2020-05-16,"A","Median",9,533
"78",2020-05-17,"A","Median",10,543
"79",2020-05-18,"A","Median",10,553
"80",2020-05-19,"A","Median",10,563
"81",2020-05-20,"A","Median",10,573
"82",2020-05-21,"A","Median",10,583
"83",2020-05-22,"A","Median",10,593
"84",2020-05-23,"A","Median",10,603
"85",2020-05-24,"A","Median",10,613
"86",2020-05-25,"A","Median",10,623
"87",2020-05-26,"A","Median",10,633
"88",2020-05-27,"A","Median",11,644
"89",2020-05-28,"A","Median",11,655
"90",2020-05-29,"A","Median",10,665
"91",2020-05-30,"A","Median",11,676
"92",2020-05-31,"A","Median",12,688
"93",2020-06-01,"A","Median",12,700
"94",2020-06-02,"A","Median",10,710
"95",2020-06-03,"A","Median",11,721
"96",2020-06-04,"A","Median",11,732
"97",2020-06-05,"A","Median",10,742
"98",2020-06-06,"A","Median",11,753
"99",2020-06-07,"A","Median",11,764
"100",2020-06-08,"A","Median",11,775
"101",2020-06-09,"A","Median",11,786
"102",2020-06-10,"A","Median",11,797
"103",2020-06-11,"A","Median",11,808
"104",2020-06-12,"A","Median",11,819
"105",2020-06-13,"A","Median",12,831
"106",2020-06-14,"A","Median",12,843
"107",2020-06-15,"A","Median",11,854
"108",2020-06-16,"A","Median",12,866
"109",2020-06-17,"A","Median",11,877
"110",2020-06-18,"A","Median",12,889
"111",2020-06-19,"A","Median",11,900
"112",2020-06-20,"A","Median",11,911
"113",2020-06-21,"A","Median",12,923
"114",2020-06-22,"A","Median",12,935
"115",2020-06-23,"A","Median",12,947
"116",2020-06-24,"A","Median",11,958
"117",2020-06-25,"A","Median",11,969
"118",2020-06-26,"A","Median",11,980
"119",2020-06-27,"A","Median",11,991
"120",2020-06-28,"A","Median",12,1003
"121",2020-06-29,"A","Median",11,1014
"122",2020-06-30,"A","Median",12,1026
"123",2020-07-01,"A","Median",11,1037
"124",2020-07-02,"A","Median",14,1051
"125",2020-07-03,"A","Median",17.5,1068.5
"126",2020-07-04,"A","Median",19,1087.5
"127",2020-07-05,"A","Median",21,1108.5
"128",2020-07-06,"A","Median",25,1133.5
"129",2020-07-07,"A","Median",29,1162.5
"130",2020-07-08,"A","Median",30,1192.5
"131",2020-07-09,"A","Median",33,1225.5
"132",2020-07-10,"A","Median",36,1261.5
"133",2020-07-11,"A","Median",39,1300.5
"134",2020-07-12,"A","Median",42,1342.5
"135",2020-07-13,"A","Median",47,1389.5
"136",2020-07-14,"A","Median",52,1441.5
"137",2020-07-15,"A","Median",56,1497.5
"138",2020-07-16,"A","Median",60,1557.5
"139",2020-07-17,"A","Median",66,1623.5
"140",2020-07-18,"A","Median",71,1694.5
"141",2020-07-19,"A","Median",79,1773.5
"142",2020-07-20,"A","Median",88,1861.5
"143",2020-07-21,"A","Median",95,1956.5
"144",2020-07-22,"A","Median",103.5,2060
"145",2020-07-23,"A","Median",112.5,2172.5
"146",2020-07-24,"A","Median",124.5,2297
"147",2020-07-25,"A","Median",133,2430
"148",2020-07-26,"A","Median",145,2575
"149",2020-07-27,"A","Median",158.5,2733.5
"150",2020-07-28,"A","Median",173.5,2907
"151",2020-07-29,"A","Median",191.5,3098.5
"152",2020-07-30,"A","Median",211,3309.5
"153",2020-07-31,"A","Median",226.5,3536
"154",2020-08-01,"A","Median",246.5,3782.5
"155",2020-08-02,"A","Median",265.5,4048
"156",2020-08-03,"A","Median",291,4339
"157",2020-08-04,"A","Median",319.5,4658.5
"158",2020-08-05,"A","Median",348,5006.5
"159",2020-08-06,"A","Median",377,5383.5
"160",2020-08-07,"A","Median",410,5793.5
"161",2020-08-08,"A","Median",449.5,6243
"162",2020-08-09,"A","Median",491,6734
"163",2020-08-10,"A","Median",526.5,7260.5
"164",2020-08-11,"A","Median",575,7835.5
"165",2020-08-12,"A","Median",633.5,8469
"166",2020-08-13,"A","Median",680,9149
"167",2020-08-14,"A","Median",731.5,9880.5
"168",2020-08-15,"A","Median",789,10669.5
"169",2020-08-16,"A","Median",854.5,11524
"170",2020-08-17,"A","Median",924,12448
"171",2020-08-18,"A","Median",1008.5,13456.5
"172",2020-08-19,"A","Median",1077,14533.5
"173",2020-08-20,"A","Median",1159.5,15693
"174",2020-08-21,"A","Median",1256,16949
"175",2020-08-22,"A","Median",1353,18302
"176",2020-08-23,"A","Median",1433,19735
"177",2020-08-24,"A","Median",1538.5,21273.5
"178",2020-08-25,"A","Median",1628.5,22902
"179",2020-08-26,"A","Median",1744.5,24646.5
"180",2020-08-27,"A","Median",1864,26510.5
"181",2020-08-28,"A","Median",1978.5,28489
"182",2020-08-29,"A","Median",2084.5,30573.5
"183",2020-08-30,"A","Median",2196.5,32770
"184",2020-08-31,"A","Median",2319.5,35089.5
"185",2020-09-01,"A","Median",2452.5,37542
"186",2020-09-02,"A","Median",2537,40079
"187",2020-09-03,"A","Median",2628,42707
"188",2020-09-04,"A","Median",2709,45416
"189",2020-09-05,"A","Median",2786.5,48202.5
"190",2020-09-06,"A","Median",2890.5,51093
"191",2020-09-07,"A","Median",2945,54038
"192",2020-09-08,"A","Median",3015,57053
"193",2020-09-09,"A","Median",3048,60101
"194",2020-09-10,"A","Median",3030.5,63131.5
"195",2020-09-11,"A","Median",3040.5,66172
"196",2020-09-12,"A","Median",3052.5,69224.5
"197",2020-09-13,"A","Median",3073.5,72298
"198",2020-09-14,"A","Median",3077,75375
"199",2020-09-15,"A","Median",3060.5,78435.5
"200",2020-09-16,"A","Median",3038,81473.5
"201",2020-09-17,"A","Median",3011,84484.5
"202",2020-09-18,"A","Median",2976.5,87461
"203",2020-09-19,"A","Median",2964,90425
"204",2020-09-20,"A","Median",2941,93366
"205",2020-09-21,"A","Median",2888,96254
"206",2020-09-22,"A","Median",2849,99103
"207",2020-09-23,"A","Median",2824.5,101927.5
"208",2020-09-24,"A","Median",2776.5,104704
"209",2020-09-25,"A","Median",2731.5,107435.5
"210",2020-09-26,"A","Median",2691,110126.5
"211",2020-09-27,"A","Median",2634.5,112761
"212",2020-09-28,"A","Median",2595,115356
"213",2020-09-29,"A","Median",2538.5,117894.5
"214",2020-09-30,"A","Median",2492,120386.5
"215",2020-10-01,"A","Median",2443.5,122830
"216",2020-10-02,"A","Median",2406,125236
"217",2020-10-03,"A","Median",2338,127574
"218",2020-10-04,"A","Median",2302.5,129876.5
"219",2020-10-05,"A","Median",2249,132125.5
"220",2020-10-06,"A","Median",2200.5,134326
"221",2020-10-07,"A","Median",2144,136470
"222",2020-10-08,"A","Median",2089.5,138559.5
"223",2020-10-09,"A","Median",2045.5,140605
"224",2020-10-10,"A","Median",1988,142593
"225",2020-10-11,"A","Median",1938,144531
"226",2020-10-12,"A","Median",1881,146412
"227",2020-10-13,"A","Median",1828,148240
"228",2020-10-14,"A","Median",1772.5,150012.5
"229",2020-10-15,"A","Median",1700.5,151713
"230",2020-10-16,"A","Median",1655.5,153368.5
"231",2020-10-17,"A","Median",1607,154975.5
"232",2020-10-18,"A","Median",1533,156508.5
"233",2020-10-19,"A","Median",1473.5,157982
"234",2020-10-20,"A","Median",1401,159383
"235",2020-10-21,"A","Median",1347,160730
"236",2020-10-22,"A","Median",1284.5,162014.5
"237",2020-10-23,"A","Median",1238,163252.5
"238",2020-10-24,"A","Median",1173.5,164426
"239",2020-10-25,"A","Median",1112.5,165538.5
"240",2020-10-26,"A","Median",1063.5,166602
"241",2020-10-27,"A","Median",1000.5,167602.5
"242",2020-10-28,"A","Median",965,168567.5
"243",2020-10-29,"A","Median",909.5,169477
"244",2020-10-30,"A","Median",858,170335
"245",2020-10-31,"A","Median",816.5,171151.5
"246",2020-11-01,"A","Median",774,171925.5
"247",2020-11-02,"A","Median",726,172651.5
"248",2020-11-03,"A","Median",686.5,173338
"249",2020-11-04,"A","Median",655,173993
"250",2020-11-05,"A","Median",616,174609
"251",2020-11-06,"A","Median",582,175191
"252",2020-11-07,"A","Median",548.5,175739.5
"253",2020-11-08,"A","Median",518.5,176258
"254",2020-11-09,"A","Median",490,176748
"255",2020-11-10,"A","Median",456,177204
"256",2020-11-11,"A","Median",431,177635
"257",2020-11-12,"A","Median",404,178039
"258",2020-11-13,"A","Median",377,178416
"259",2020-11-14,"A","Median",357,178773
"260",2020-11-15,"A","Median",338,179111
"261",2020-11-16,"A","Median",318,179429
"262",2020-11-17,"A","Median",300,179729
"263",2020-11-18,"A","Median",275,180004
"264",2020-11-19,"A","Median",262,180266
"265",2020-11-20,"A","Median",251.5,180517.5
"266",2020-11-21,"A","Median",232.5,180750
"267",2020-11-22,"A","Median",217.5,180967.5
"268",2020-11-23,"A","Median",203,181170.5
"269",2020-11-24,"A","Median",194,181364.5
"270",2020-11-25,"A","Median",183.5,181548
"271",2020-11-26,"A","Median",171,181719
"272",2020-11-27,"A","Median",158,181877
"273",2020-11-28,"A","Median",148.5,182025.5
"274",2020-11-29,"A","Median",140,182165.5
"275",2020-11-30,"A","Median",133,182298.5
"276",2020-12-01,"A","Median",124.5,182423
"277",2020-12-02,"A","Median",116,182539
"278",2020-12-03,"A","Median",111.5,182650.5
"279",2020-12-04,"A","Median",103,182753.5
"280",2020-12-05,"A","Median",95,182848.5
"281",2020-12-06,"A","Median",91.5,182940
"282",2020-12-07,"A","Median",86,183026
"283",2020-12-08,"A","Median",78.5,183104.5
"284",2020-12-09,"A","Median",74.5,183179
"285",2020-12-10,"A","Median",69.5,183248.5
"286",2020-12-11,"A","Median",66.5,183315
"287",2020-12-12,"A","Median",62.5,183377.5
"288",2020-12-13,"A","Median",59,183436.5
"289",2020-12-14,"A","Median",54.5,183491
"290",2020-12-15,"A","Median",52,183543
"291",2020-12-16,"A","Median",48.5,183591.5
"292",2020-12-17,"A","Median",44.5,183636
"293",2020-12-18,"A","Median",43,183679
"294",2020-12-19,"A","Median",39,183718
"295",2020-12-20,"A","Median",39,183757
"296",2020-12-21,"A","Median",36,183793
"297",2020-12-22,"A","Median",34,183827
"298",2020-12-23,"A","Median",30.5,183857.5
"299",2020-12-24,"A","Median",30,183887.5
"300",2020-12-25,"A","Median",NA,NA
"301",2020-03-01,"B","Median",0,0
"302",2020-03-02,"B","Median",0,0
"303",2020-03-03,"B","Median",0,0
"304",2020-03-04,"B","Median",1,1
"305",2020-03-05,"B","Median",1,2
"306",2020-03-06,"B","Median",1,3
"307",2020-03-07,"B","Median",1,4
"308",2020-03-08,"B","Median",2,6
"309",2020-03-09,"B","Median",3,9
"310",2020-03-10,"B","Median",5,14
"311",2020-03-11,"B","Median",6,20
"312",2020-03-12,"B","Median",6,26
"313",2020-03-13,"B","Median",6,32
"314",2020-03-14,"B","Median",6,38
"315",2020-03-15,"B","Median",6,44
"316",2020-03-16,"B","Median",6,50
"317",2020-03-17,"B","Median",6,56
"318",2020-03-18,"B","Median",6,62
"319",2020-03-19,"B","Median",6,68
"320",2020-03-20,"B","Median",6,74
"321",2020-03-21,"B","Median",6,80
"322",2020-03-22,"B","Median",6,86
"323",2020-03-23,"B","Median",6,92
"324",2020-03-24,"B","Median",6,98
"325",2020-03-25,"B","Median",6,104
"326",2020-03-26,"B","Median",6,110
"327",2020-03-27,"B","Median",6,116
"328",2020-03-28,"B","Median",7,123
"329",2020-03-29,"B","Median",7,130
"330",2020-03-30,"B","Median",8,138
"331",2020-03-31,"B","Median",8,146
"332",2020-04-01,"B","Median",8,154
"333",2020-04-02,"B","Median",8,162
"334",2020-04-03,"B","Median",8,170
"335",2020-04-04,"B","Median",8,178
"336",2020-04-05,"B","Median",8,186
"337",2020-04-06,"B","Median",8,194
"338",2020-04-07,"B","Median",8,202
"339",2020-04-08,"B","Median",8,210
"340",2020-04-09,"B","Median",8,218
"341",2020-04-10,"B","Median",8,226
"342",2020-04-11,"B","Median",8,234
"343",2020-04-12,"B","Median",8,242
"344",2020-04-13,"B","Median",8,250
"345",2020-04-14,"B","Median",8,258
"346",2020-04-15,"B","Median",8,266
"347",2020-04-16,"B","Median",8,274
"348",2020-04-17,"B","Median",8,282
"349",2020-04-18,"B","Median",9,291
"350",2020-04-19,"B","Median",9,300
"351",2020-04-20,"B","Median",8,308
"352",2020-04-21,"B","Median",9,317
"353",2020-04-22,"B","Median",10,327
"354",2020-04-23,"B","Median",10,337
"355",2020-04-24,"B","Median",10,347
"356",2020-04-25,"B","Median",11,358
"357",2020-04-26,"B","Median",11,369
"358",2020-04-27,"B","Median",11,380
"359",2020-04-28,"B","Median",11,391
"360",2020-04-29,"B","Median",13,404
"361",2020-04-30,"B","Median",13,417
"362",2020-05-01,"B","Median",13,430
"363",2020-05-02,"B","Median",14,444
"364",2020-05-03,"B","Median",14,458
"365",2020-05-04,"B","Median",14,472
"366",2020-05-05,"B","Median",14,486
"367",2020-05-06,"B","Median",14,500
"368",2020-05-07,"B","Median",14,514
"369",2020-05-08,"B","Median",15,529
"370",2020-05-09,"B","Median",15,544
"371",2020-05-10,"B","Median",15,559
"372",2020-05-11,"B","Median",17.5,576.5
"373",2020-05-12,"B","Median",18.5,595
"374",2020-05-13,"B","Median",19,614
"375",2020-05-14,"B","Median",19,633
"376",2020-05-15,"B","Median",20,653
"377",2020-05-16,"B","Median",21,674
"378",2020-05-17,"B","Median",21,695
"379",2020-05-18,"B","Median",22,717
"380",2020-05-19,"B","Median",22,739
"381",2020-05-20,"B","Median",23,762
"382",2020-05-21,"B","Median",24,786
"383",2020-05-22,"B","Median",25,811
"384",2020-05-23,"B","Median",26,837
"385",2020-05-24,"B","Median",27,864
"386",2020-05-25,"B","Median",29,893
"387",2020-05-26,"B","Median",31,924
"388",2020-05-27,"B","Median",32,956
"389",2020-05-28,"B","Median",35,991
"390",2020-05-29,"B","Median",35,1026
"391",2020-05-30,"B","Median",36,1062
"392",2020-05-31,"B","Median",38.5,1100.5
"393",2020-06-01,"B","Median",39,1139.5
"394",2020-06-02,"B","Median",42,1181.5
"395",2020-06-03,"B","Median",45,1226.5
"396",2020-06-04,"B","Median",45,1271.5
"397",2020-06-05,"B","Median",48,1319.5
"398",2020-06-06,"B","Median",50,1369.5
"399",2020-06-07,"B","Median",55,1424.5
"400",2020-06-08,"B","Median",56,1480.5
"401",2020-06-09,"B","Median",56.5,1537
"402",2020-06-10,"B","Median",60,1597
"403",2020-06-11,"B","Median",61,1658
"404",2020-06-12,"B","Median",65,1723
"405",2020-06-13,"B","Median",67,1790
"406",2020-06-14,"B","Median",70,1860
"407",2020-06-15,"B","Median",75,1935
"408",2020-06-16,"B","Median",77,2012
"409",2020-06-17,"B","Median",82.5,2094.5
"410",2020-06-18,"B","Median",87,2181.5
"411",2020-06-19,"B","Median",92,2273.5
"412",2020-06-20,"B","Median",95,2368.5
"413",2020-06-21,"B","Median",102,2470.5
"414",2020-06-22,"B","Median",106,2576.5
"415",2020-06-23,"B","Median",109.5,2686
"416",2020-06-24,"B","Median",118.5,2804.5
"417",2020-06-25,"B","Median",122,2926.5
"418",2020-06-26,"B","Median",126,3052.5
"419",2020-06-27,"B","Median",133,3185.5
"420",2020-06-28,"B","Median",139,3324.5
"421",2020-06-29,"B","Median",145,3469.5
"422",2020-06-30,"B","Median",149,3618.5
"423",2020-07-01,"B","Median",158.5,3777
"424",2020-07-02,"B","Median",186,3963
"425",2020-07-03,"B","Median",207,4170
"426",2020-07-04,"B","Median",228.5,4398.5
"427",2020-07-05,"B","Median",251.5,4650
"428",2020-07-06,"B","Median",279,4929
"429",2020-07-07,"B","Median",301,5230
"430",2020-07-08,"B","Median",328,5558
"431",2020-07-09,"B","Median",352.5,5910.5
"432",2020-07-10,"B","Median",381,6291.5
"433",2020-07-11,"B","Median",419,6710.5
"434",2020-07-12,"B","Median",452,7162.5
"435",2020-07-13,"B","Median",489,7651.5
"436",2020-07-14,"B","Median",537,8188.5
"437",2020-07-15,"B","Median",577.5,8766
"438",2020-07-16,"B","Median",621.5,9387.5
"439",2020-07-17,"B","Median",677,10064.5
"440",2020-07-18,"B","Median",723.5,10788
"441",2020-07-19,"B","Median",778.5,11566.5
"442",2020-07-20,"B","Median",848.5,12415
"443",2020-07-21,"B","Median",909.5,13324.5
"444",2020-07-22,"B","Median",987.5,14312
"445",2020-07-23,"B","Median",1045,15357
"446",2020-07-24,"B","Median",1128.5,16485.5
"447",2020-07-25,"B","Median",1216.5,17702
"448",2020-07-26,"B","Median",1299,19001
"449",2020-07-27,"B","Median",1401,20402
"450",2020-07-28,"B","Median",1481,21883
"451",2020-07-29,"B","Median",1592,23475
"452",2020-07-30,"B","Median",1695.5,25170.5
"453",2020-07-31,"B","Median",1798,26968.5
"454",2020-08-01,"B","Median",1905,28873.5
"455",2020-08-02,"B","Median",2030,30903.5
"456",2020-08-03,"B","Median",2120,33023.5
"457",2020-08-04,"B","Median",2252.5,35276
"458",2020-08-05,"B","Median",2383.5,37659.5
"459",2020-08-06,"B","Median",2487,40146.5
"460",2020-08-07,"B","Median",2611.5,42758
"461",2020-08-08,"B","Median",2736,45494
"462",2020-08-09,"B","Median",2827,48321
"463",2020-08-10,"B","Median",2903,51224
"464",2020-08-11,"B","Median",3008.5,54232.5
"465",2020-08-12,"B","Median",3098.5,57331
"466",2020-08-13,"B","Median",3156.5,60487.5
"467",2020-08-14,"B","Median",3204.5,63692
"468",2020-08-15,"B","Median",3260,66952
"469",2020-08-16,"B","Median",3261.5,70213.5
"470",2020-08-17,"B","Median",3284,73497.5
"471",2020-08-18,"B","Median",3296,76793.5
"472",2020-08-19,"B","Median",3261.5,80055
"473",2020-08-20,"B","Median",3238.5,83293.5
"474",2020-08-21,"B","Median",3204.5,86498
"475",2020-08-22,"B","Median",3169,89667
"476",2020-08-23,"B","Median",3152,92819
"477",2020-08-24,"B","Median",3121,95940
"478",2020-08-25,"B","Median",3070.5,99010.5
"479",2020-08-26,"B","Median",3003,102013.5
"480",2020-08-27,"B","Median",2973.5,104987
"481",2020-08-28,"B","Median",2937.5,107924.5
"482",2020-08-29,"B","Median",2882,110806.5
"483",2020-08-30,"B","Median",2837.5,113644
"484",2020-08-31,"B","Median",2785,116429
"485",2020-09-01,"B","Median",2729.5,119158.5
"486",2020-09-02,"B","Median",2678,121836.5
"487",2020-09-03,"B","Median",2621,124457.5
"488",2020-09-04,"B","Median",2586,127043.5
"489",2020-09-05,"B","Median",2528,129571.5
"490",2020-09-06,"B","Median",2473,132044.5
"491",2020-09-07,"B","Median",2422,134466.5
"492",2020-09-08,"B","Median",2373,136839.5
"493",2020-09-09,"B","Median",2327.5,139167
"494",2020-09-10,"B","Median",2287.5,141454.5
"495",2020-09-11,"B","Median",2214.5,143669
"496",2020-09-12,"B","Median",2178.5,145847.5
"497",2020-09-13,"B","Median",2110.5,147958
"498",2020-09-14,"B","Median",2067.5,150025.5
"499",2020-09-15,"B","Median",2007.5,152033
"500",2020-09-16,"B","Median",1959.5,153992.5
"501",2020-09-17,"B","Median",1907,155899.5
"502",2020-09-18,"B","Median",1852,157751.5
"503",2020-09-19,"B","Median",1783.5,159535
"504",2020-09-20,"B","Median",1726,161261
"505",2020-09-21,"B","Median",1664,162925
"506",2020-09-22,"B","Median",1605,164530
"507",2020-09-23,"B","Median",1540.5,166070.5
"508",2020-09-24,"B","Median",1471,167541.5
"509",2020-09-25,"B","Median",1406.5,168948
"510",2020-09-26,"B","Median",1344,170292
"511",2020-09-27,"B","Median",1266.5,171558.5
"512",2020-09-28,"B","Median",1218.5,172777
"513",2020-09-29,"B","Median",1154,173931
"514",2020-09-30,"B","Median",1103,175034
"515",2020-10-01,"B","Median",1036,176070
"516",2020-10-02,"B","Median",985,177055
"517",2020-10-03,"B","Median",923,177978
"518",2020-10-04,"B","Median",878.5,178856.5
"519",2020-10-05,"B","Median",834,179690.5
"520",2020-10-06,"B","Median",787,180477.5
"521",2020-10-07,"B","Median",730.5,181208
"522",2020-10-08,"B","Median",699.5,181907.5
"523",2020-10-09,"B","Median",653,182560.5
"524",2020-10-10,"B","Median",618,183178.5
"525",2020-10-11,"B","Median",577.5,183756
"526",2020-10-12,"B","Median",544,184300
"527",2020-10-13,"B","Median",517,184817
"528",2020-10-14,"B","Median",489,185306
"529",2020-10-15,"B","Median",450,185756
"530",2020-10-16,"B","Median",427.5,186183.5
"531",2020-10-17,"B","Median",400,186583.5
"532",2020-10-18,"B","Median",374,186957.5
"533",2020-10-19,"B","Median",353.5,187311
"534",2020-10-20,"B","Median",334.5,187645.5
"535",2020-10-21,"B","Median",307,187952.5
"536",2020-10-22,"B","Median",290,188242.5
"537",2020-10-23,"B","Median",276.5,188519
"538",2020-10-24,"B","Median",257,188776
"539",2020-10-25,"B","Median",242.5,189018.5
"540",2020-10-26,"B","Median",226,189244.5
"541",2020-10-27,"B","Median",217,189461.5
"542",2020-10-28,"B","Median",201,189662.5
"543",2020-10-29,"B","Median",188.5,189851
"544",2020-10-30,"B","Median",175.5,190026.5
"545",2020-10-31,"B","Median",163,190189.5
"546",2020-11-01,"B","Median",153.5,190343
"547",2020-11-02,"B","Median",149,190492
"548",2020-11-03,"B","Median",136.5,190628.5
"549",2020-11-04,"B","Median",129,190757.5
"550",2020-11-05,"B","Median",122,190879.5
"551",2020-11-06,"B","Median",113.5,190993
"552",2020-11-07,"B","Median",105.5,191098.5
"553",2020-11-08,"B","Median",103,191201.5
"554",2020-11-09,"B","Median",95,191296.5
"555",2020-11-10,"B","Median",89,191385.5
"556",2020-11-11,"B","Median",81.5,191467
"557",2020-11-12,"B","Median",79,191546
"558",2020-11-13,"B","Median",71,191617
"559",2020-11-14,"B","Median",67,191684
"560",2020-11-15,"B","Median",64,191748
"561",2020-11-16,"B","Median",61,191809
"562",2020-11-17,"B","Median",57,191866
"563",2020-11-18,"B","Median",54,191920
"564",2020-11-19,"B","Median",51.5,191971.5
"565",2020-11-20,"B","Median",46,192017.5
"566",2020-11-21,"B","Median",44,192061.5
"567",2020-11-22,"B","Median",40,192101.5
"568",2020-11-23,"B","Median",39.5,192141
"569",2020-11-24,"B","Median",36,192177
"570",2020-11-25,"B","Median",34.5,192211.5
"571",2020-11-26,"B","Median",32,192243.5
"572",2020-11-27,"B","Median",31,192274.5
"573",2020-11-28,"B","Median",29,192303.5
"574",2020-11-29,"B","Median",27,192330.5
"575",2020-11-30,"B","Median",25,192355.5
"576",2020-12-01,"B","Median",23,192378.5
"577",2020-12-02,"B","Median",22,192400.5
"578",2020-12-03,"B","Median",20.5,192421
"579",2020-12-04,"B","Median",17.5,192438.5
"580",2020-12-05,"B","Median",17,192455.5
"581",2020-12-06,"B","Median",16,192471.5
"582",2020-12-07,"B","Median",15,192486.5
"583",2020-12-08,"B","Median",14,192500.5
"584",2020-12-09,"B","Median",14,192514.5
"585",2020-12-10,"B","Median",13,192527.5
"586",2020-12-11,"B","Median",12,192539.5
"587",2020-12-12,"B","Median",12,192551.5
"588",2020-12-13,"B","Median",12,192563.5
"589",2020-12-14,"B","Median",10,192573.5
"590",2020-12-15,"B","Median",10,192583.5
"591",2020-12-16,"B","Median",9,192592.5
"592",2020-12-17,"B","Median",9,192601.5
"593",2020-12-18,"B","Median",8,192609.5
"594",2020-12-19,"B","Median",8,192617.5
"595",2020-12-20,"B","Median",8,192625.5
"596",2020-12-21,"B","Median",8,192633.5
"597",2020-12-22,"B","Median",7,192640.5
"598",2020-12-23,"B","Median",6,192646.5
"599",2020-12-24,"B","Median",5,192651.5
"600",2020-12-25,"B","Median",NA,NA
"601",2020-03-01,"C","Median",0,0
"602",2020-03-02,"C","Median",0,0
"603",2020-03-03,"C","Median",0,0
"604",2020-03-04,"C","Median",1,1
"605",2020-03-05,"C","Median",1,2
"606",2020-03-06,"C","Median",1,3
"607",2020-03-07,"C","Median",1,4
"608",2020-03-08,"C","Median",1,5
"609",2020-03-09,"C","Median",4,9
"610",2020-03-10,"C","Median",5,14
"611",2020-03-11,"C","Median",6,20
"612",2020-03-12,"C","Median",6,26
"613",2020-03-13,"C","Median",6,32
"614",2020-03-14,"C","Median",6,38
"615",2020-03-15,"C","Median",6,44
"616",2020-03-16,"C","Median",6,50
"617",2020-03-17,"C","Median",6,56
"618",2020-03-18,"C","Median",6,62
"619",2020-03-19,"C","Median",6,68
"620",2020-03-20,"C","Median",6,74
"621",2020-03-21,"C","Median",6,80
"622",2020-03-22,"C","Median",6,86
"623",2020-03-23,"C","Median",6,92
"624",2020-03-24,"C","Median",6,98
"625",2020-03-25,"C","Median",6,104
"626",2020-03-26,"C","Median",6,110
"627",2020-03-27,"C","Median",6,116
"628",2020-03-28,"C","Median",6,122
"629",2020-03-29,"C","Median",8,130
"630",2020-03-30,"C","Median",8,138
"631",2020-03-31,"C","Median",8,146
"632",2020-04-01,"C","Median",8,154
"633",2020-04-02,"C","Median",8,162
"634",2020-04-03,"C","Median",8,170
"635",2020-04-04,"C","Median",8,178
"636",2020-04-05,"C","Median",8,186
"637",2020-04-06,"C","Median",8,194
"638",2020-04-07,"C","Median",8,202
"639",2020-04-08,"C","Median",8,210
"640",2020-04-09,"C","Median",8,218
"641",2020-04-10,"C","Median",8,226
"642",2020-04-11,"C","Median",8,234
"643",2020-04-12,"C","Median",8,242
"644",2020-04-13,"C","Median",8,250
"645",2020-04-14,"C","Median",8,258
"646",2020-04-15,"C","Median",8,266
"647",2020-04-16,"C","Median",8,274
"648",2020-04-17,"C","Median",9,283
"649",2020-04-18,"C","Median",9,292
"650",2020-04-19,"C","Median",8.5,300.5
"651",2020-04-20,"C","Median",10,310.5
"652",2020-04-21,"C","Median",9,319.5
"653",2020-04-22,"C","Median",9,328.5
"654",2020-04-23,"C","Median",10,338.5
"655",2020-04-24,"C","Median",10,348.5
"656",2020-04-25,"C","Median",10.5,359
"657",2020-04-26,"C","Median",11,370
"658",2020-04-27,"C","Median",12,382
"659",2020-04-28,"C","Median",12,394
"660",2020-04-29,"C","Median",14,408
"661",2020-04-30,"C","Median",14,422
"662",2020-05-01,"C","Median",16,438
"663",2020-05-02,"C","Median",18,456
"664",2020-05-03,"C","Median",18,474
"665",2020-05-04,"C","Median",18,492
"666",2020-05-05,"C","Median",18,510
"667",2020-05-06,"C","Median",20,530
"668",2020-05-07,"C","Median",20,550
"669",2020-05-08,"C","Median",21,571
"670",2020-05-09,"C","Median",21,592
"671",2020-05-10,"C","Median",23,615
"672",2020-05-11,"C","Median",26,641
"673",2020-05-12,"C","Median",27,668
"674",2020-05-13,"C","Median",29,697
"675",2020-05-14,"C","Median",31,728
"676",2020-05-15,"C","Median",33,761
"677",2020-05-16,"C","Median",33,794
"678",2020-05-17,"C","Median",35,829
"679",2020-05-18,"C","Median",38,867
"680",2020-05-19,"C","Median",42,909
"681",2020-05-20,"C","Median",43,952
"682",2020-05-21,"C","Median",44.5,996.5
"683",2020-05-22,"C","Median",47,1043.5
"684",2020-05-23,"C","Median",52,1095.5
"685",2020-05-24,"C","Median",53,1148.5
"686",2020-05-25,"C","Median",56,1204.5
"687",2020-05-26,"C","Median",61.5,1266
"688",2020-05-27,"C","Median",65,1331
"689",2020-05-28,"C","Median",70,1401
"690",2020-05-29,"C","Median",74,1475
"691",2020-05-30,"C","Median",80,1555
"692",2020-05-31,"C","Median",84,1639
"693",2020-06-01,"C","Median",89,1728
"694",2020-06-02,"C","Median",96,1824
"695",2020-06-03,"C","Median",100,1924
"696",2020-06-04,"C","Median",107.5,2031.5
"697",2020-06-05,"C","Median",116,2147.5
"698",2020-06-06,"C","Median",123,2270.5
"699",2020-06-07,"C","Median",130.5,2401
"700",2020-06-08,"C","Median",137,2538
"701",2020-06-09,"C","Median",145.5,2683.5
"702",2020-06-10,"C","Median",151.5,2835
"703",2020-06-11,"C","Median",165,3000
"704",2020-06-12,"C","Median",174,3174
"705",2020-06-13,"C","Median",180,3354
"706",2020-06-14,"C","Median",196,3550
"707",2020-06-15,"C","Median",199.5,3749.5
"708",2020-06-16,"C","Median",209.5,3959
"709",2020-06-17,"C","Median",215,4174
"710",2020-06-18,"C","Median",224,4398
"711",2020-06-19,"C","Median",233,4631
"712",2020-06-20,"C","Median",242,4873
"713",2020-06-21,"C","Median",254.5,5127.5
"714",2020-06-22,"C","Median",262,5389.5
"715",2020-06-23,"C","Median",278.5,5668
"716",2020-06-24,"C","Median",284.5,5952.5
"717",2020-06-25,"C","Median",300.5,6253
"718",2020-06-26,"C","Median",313.5,6566.5
"719",2020-06-27,"C","Median",327.5,6894
"720",2020-06-28,"C","Median",342.5,7236.5
"721",2020-06-29,"C","Median",356,7592.5
"722",2020-06-30,"C","Median",368.5,7961
"723",2020-07-01,"C","Median",383,8344
"724",2020-07-02,"C","Median",447,8791
"725",2020-07-03,"C","Median",495,9286
"726",2020-07-04,"C","Median",543.5,9829.5
"727",2020-07-05,"C","Median",594.5,10424
"728",2020-07-06,"C","Median",649,11073
"729",2020-07-07,"C","Median",702.5,11775.5
"730",2020-07-08,"C","Median",762,12537.5
"731",2020-07-09,"C","Median",820.5,13358
"732",2020-07-10,"C","Median",886,14244
"733",2020-07-11,"C","Median",949,15193
"734",2020-07-12,"C","Median",1014,16207
"735",2020-07-13,"C","Median",1095,17302
"736",2020-07-14,"C","Median",1179.5,18481.5
"737",2020-07-15,"C","Median",1264.5,19746
"738",2020-07-16,"C","Median",1363.5,21109.5
"739",2020-07-17,"C","Median",1447.5,22557
"740",2020-07-18,"C","Median",1547,24104
"741",2020-07-19,"C","Median",1653,25757
"742",2020-07-20,"C","Median",1762,27519
"743",2020-07-21,"C","Median",1862,29381
"744",2020-07-22,"C","Median",1975,31356
"745",2020-07-23,"C","Median",2093,33449
"746",2020-07-24,"C","Median",2204.5,35653.5
"747",2020-07-25,"C","Median",2339.5,37993
"748",2020-07-26,"C","Median",2440,40433
"749",2020-07-27,"C","Median",2559,42992
"750",2020-07-28,"C","Median",2676,45668
"751",2020-07-29,"C","Median",2778.5,48446.5
"752",2020-07-30,"C","Median",2872,51318.5
"753",2020-07-31,"C","Median",2956.5,54275
"754",2020-08-01,"C","Median",3054.5,57329.5
"755",2020-08-02,"C","Median",3143.5,60473
"756",2020-08-03,"C","Median",3193,63666
"757",2020-08-04,"C","Median",3217.5,66883.5
"758",2020-08-05,"C","Median",3266,70149.5
"759",2020-08-06,"C","Median",3281,73430.5
"760",2020-08-07,"C","Median",3293.5,76724
"761",2020-08-08,"C","Median",3290.5,80014.5
"762",2020-08-09,"C","Median",3294,83308.5
"763",2020-08-10,"C","Median",3284,86592.5
"764",2020-08-11,"C","Median",3252.5,89845
"765",2020-08-12,"C","Median",3232.5,93077.5
"766",2020-08-13,"C","Median",3209,96286.5
"767",2020-08-14,"C","Median",3168,99454.5
"768",2020-08-15,"C","Median",3165,102619.5
"769",2020-08-16,"C","Median",3130.5,105750
"770",2020-08-17,"C","Median",3108.5,108858.5
"771",2020-08-18,"C","Median",3048,111906.5
"772",2020-08-19,"C","Median",3000,114906.5
"773",2020-08-20,"C","Median",2922.5,117829
"774",2020-08-21,"C","Median",2884.5,120713.5
"775",2020-08-22,"C","Median",2841.5,123555
"776",2020-08-23,"C","Median",2801.5,126356.5
"777",2020-08-24,"C","Median",2733.5,129090
"778",2020-08-25,"C","Median",2672.5,131762.5
"779",2020-08-26,"C","Median",2615.5,134378
"780",2020-08-27,"C","Median",2573.5,136951.5
"781",2020-08-28,"C","Median",2515,139466.5
"782",2020-08-29,"C","Median",2462,141928.5
"783",2020-08-30,"C","Median",2387,144315.5
"784",2020-08-31,"C","Median",2347.5,146663
"785",2020-09-01,"C","Median",2279.5,148942.5
"786",2020-09-02,"C","Median",2241,151183.5
"787",2020-09-03,"C","Median",2173,153356.5
"788",2020-09-04,"C","Median",2131.5,155488
"789",2020-09-05,"C","Median",2065.5,157553.5
"790",2020-09-06,"C","Median",2010.5,159564
"791",2020-09-07,"C","Median",1954,161518
"792",2020-09-08,"C","Median",1886.5,163404.5
"793",2020-09-09,"C","Median",1809.5,165214
"794",2020-09-10,"C","Median",1745,166959
"795",2020-09-11,"C","Median",1680,168639
"796",2020-09-12,"C","Median",1604,170243
"797",2020-09-13,"C","Median",1526,171769
"798",2020-09-14,"C","Median",1454,173223
"799",2020-09-15,"C","Median",1390,174613
"800",2020-09-16,"C","Median",1322.5,175935.5
"801",2020-09-17,"C","Median",1250.5,177186
"802",2020-09-18,"C","Median",1190,178376
"803",2020-09-19,"C","Median",1122.5,179498.5
"804",2020-09-20,"C","Median",1059,180557.5
"805",2020-09-21,"C","Median",997.5,181555
"806",2020-09-22,"C","Median",941.5,182496.5
"807",2020-09-23,"C","Median",883.5,183380
"808",2020-09-24,"C","Median",847.5,184227.5
"809",2020-09-25,"C","Median",785,185012.5
"810",2020-09-26,"C","Median",743.5,185756
"811",2020-09-27,"C","Median",704,186460
"812",2020-09-28,"C","Median",662,187122
"813",2020-09-29,"C","Median",619.5,187741.5
"814",2020-09-30,"C","Median",583.5,188325
"815",2020-10-01,"C","Median",547.5,188872.5
"816",2020-10-02,"C","Median",522,189394.5
"817",2020-10-03,"C","Median",490.5,189885
"818",2020-10-04,"C","Median",449.5,190334.5
"819",2020-10-05,"C","Median",429.5,190764
"820",2020-10-06,"C","Median",404.5,191168.5
"821",2020-10-07,"C","Median",379,191547.5
"822",2020-10-08,"C","Median",351,191898.5
"823",2020-10-09,"C","Median",340,192238.5
"824",2020-10-10,"C","Median",313.5,192552
"825",2020-10-11,"C","Median",294,192846
"826",2020-10-12,"C","Median",276.5,193122.5
"827",2020-10-13,"C","Median",262.5,193385
"828",2020-10-14,"C","Median",248,193633
"829",2020-10-15,"C","Median",230,193863
"830",2020-10-16,"C","Median",212,194075
"831",2020-10-17,"C","Median",201.5,194276.5
"832",2020-10-18,"C","Median",188,194464.5
"833",2020-10-19,"C","Median",180,194644.5
"834",2020-10-20,"C","Median",167,194811.5
"835",2020-10-21,"C","Median",158.5,194970
"836",2020-10-22,"C","Median",148.5,195118.5
"837",2020-10-23,"C","Median",139,195257.5
"838",2020-10-24,"C","Median",133,195390.5
"839",2020-10-25,"C","Median",123.5,195514
"840",2020-10-26,"C","Median",117,195631
"841",2020-10-27,"C","Median",111,195742
"842",2020-10-28,"C","Median",104,195846
"843",2020-10-29,"C","Median",96,195942
"844",2020-10-30,"C","Median",88.5,196030.5
"845",2020-10-31,"C","Median",84.5,196115
"846",2020-11-01,"C","Median",79.5,196194.5
"847",2020-11-02,"C","Median",74.5,196269
"848",2020-11-03,"C","Median",68.5,196337.5
"849",2020-11-04,"C","Median",67,196404.5
"850",2020-11-05,"C","Median",60.5,196465
"851",2020-11-06,"C","Median",57,196522
"852",2020-11-07,"C","Median",54.5,196576.5
"853",2020-11-08,"C","Median",51.5,196628
"854",2020-11-09,"C","Median",49,196677
"855",2020-11-10,"C","Median",44,196721
"856",2020-11-11,"C","Median",43,196764
"857",2020-11-12,"C","Median",41,196805
"858",2020-11-13,"C","Median",38,196843
"859",2020-11-14,"C","Median",35,196878
"860",2020-11-15,"C","Median",34,196912
"861",2020-11-16,"C","Median",32,196944
"862",2020-11-17,"C","Median",28.5,196972.5
"863",2020-11-18,"C","Median",27,196999.5
"864",2020-11-19,"C","Median",26,197025.5
"865",2020-11-20,"C","Median",24,197049.5
"866",2020-11-21,"C","Median",22,197071.5
"867",2020-11-22,"C","Median",22,197093.5
"868",2020-11-23,"C","Median",19,197112.5
"869",2020-11-24,"C","Median",18,197130.5
"870",2020-11-25,"C","Median",16,197146.5
"871",2020-11-26,"C","Median",16,197162.5
"872",2020-11-27,"C","Median",15,197177.5
"873",2020-11-28,"C","Median",14,197191.5
"874",2020-11-29,"C","Median",12,197203.5
"875",2020-11-30,"C","Median",12,197215.5
"876",2020-12-01,"C","Median",12,197227.5
"877",2020-12-02,"C","Median",12,197239.5
"878",2020-12-03,"C","Median",11,197250.5
"879",2020-12-04,"C","Median",10,197260.5
"880",2020-12-05,"C","Median",10,197270.5
"881",2020-12-06,"C","Median",9,197279.5
"882",2020-12-07,"C","Median",8,197287.5
"883",2020-12-08,"C","Median",8,197295.5
"884",2020-12-09,"C","Median",8,197303.5
"885",2020-12-10,"C","Median",8,197311.5
"886",2020-12-11,"C","Median",7.5,197319
"887",2020-12-12,"C","Median",6,197325
"888",2020-12-13,"C","Median",6,197331
"889",2020-12-14,"C","Median",6,197337
"890",2020-12-15,"C","Median",5,197342
"891",2020-12-16,"C","Median",5,197347
"892",2020-12-17,"C","Median",5,197352
"893",2020-12-18,"C","Median",4,197356
"894",2020-12-19,"C","Median",4,197360
"895",2020-12-20,"C","Median",3.5,197363.5
"896",2020-12-21,"C","Median",3,197366.5
"897",2020-12-22,"C","Median",3,197369.5
"898",2020-12-23,"C","Median",3,197372.5
"899",2020-12-24,"C","Median",3,197375.5
"900",2020-12-25,"C","Median",NA,NA
"901",2020-03-01,"D","Median",0,0
"902",2020-03-02,"D","Median",0,0
"903",2020-03-03,"D","Median",1,1
"904",2020-03-04,"D","Median",1,2
"905",2020-03-05,"D","Median",1,3
"906",2020-03-06,"D","Median",1,4
"907",2020-03-07,"D","Median",1,5
"908",2020-03-08,"D","Median",1.5,6.5
"909",2020-03-09,"D","Median",3,9.5
"910",2020-03-10,"D","Median",6,15.5
"911",2020-03-11,"D","Median",6,21.5
"912",2020-03-12,"D","Median",6,27.5
"913",2020-03-13,"D","Median",6,33.5
"914",2020-03-14,"D","Median",6,39.5
"915",2020-03-15,"D","Median",6,45.5
"916",2020-03-16,"D","Median",6,51.5
"917",2020-03-17,"D","Median",6,57.5
"918",2020-03-18,"D","Median",6,63.5
"919",2020-03-19,"D","Median",6,69.5
"920",2020-03-20,"D","Median",6,75.5
"921",2020-03-21,"D","Median",6,81.5
"922",2020-03-22,"D","Median",6,87.5
"923",2020-03-23,"D","Median",6,93.5
"924",2020-03-24,"D","Median",6,99.5
"925",2020-03-25,"D","Median",6,105.5
"926",2020-03-26,"D","Median",6,111.5
"927",2020-03-27,"D","Median",6,117.5
"928",2020-03-28,"D","Median",7,124.5
"929",2020-03-29,"D","Median",7,131.5
"930",2020-03-30,"D","Median",8,139.5
"931",2020-03-31,"D","Median",8,147.5
"932",2020-04-01,"D","Median",8,155.5
"933",2020-04-02,"D","Median",8,163.5
"934",2020-04-03,"D","Median",8,171.5
"935",2020-04-04,"D","Median",8,179.5
"936",2020-04-05,"D","Median",8,187.5
"937",2020-04-06,"D","Median",8,195.5
"938",2020-04-07,"D","Median",8,203.5
"939",2020-04-08,"D","Median",8,211.5
"940",2020-04-09,"D","Median",8,219.5
"941",2020-04-10,"D","Median",8,227.5
"942",2020-04-11,"D","Median",8,235.5
"943",2020-04-12,"D","Median",8,243.5
"944",2020-04-13,"D","Median",8,251.5
"945",2020-04-14,"D","Median",8,259.5
"946",2020-04-15,"D","Median",8,267.5
"947",2020-04-16,"D","Median",9,276.5
"948",2020-04-17,"D","Median",9,285.5
"949",2020-04-18,"D","Median",9,294.5
"950",2020-04-19,"D","Median",9,303.5
"951",2020-04-20,"D","Median",9,312.5
"952",2020-04-21,"D","Median",9,321.5
"953",2020-04-22,"D","Median",10,331.5
"954",2020-04-23,"D","Median",9,340.5
"955",2020-04-24,"D","Median",10,350.5
"956",2020-04-25,"D","Median",10,360.5
"957",2020-04-26,"D","Median",10,370.5
"958",2020-04-27,"D","Median",13,383.5
"959",2020-04-28,"D","Median",15,398.5
"960",2020-04-29,"D","Median",17,415.5
"961",2020-04-30,"D","Median",18,433.5
"962",2020-05-01,"D","Median",20,453.5
"963",2020-05-02,"D","Median",22,475.5
"964",2020-05-03,"D","Median",26,501.5
"965",2020-05-04,"D","Median",28,529.5
"966",2020-05-05,"D","Median",30,559.5
"967",2020-05-06,"D","Median",33,592.5
"968",2020-05-07,"D","Median",36,628.5
"969",2020-05-08,"D","Median",40,668.5
"970",2020-05-09,"D","Median",44,712.5
"971",2020-05-10,"D","Median",49,761.5
"972",2020-05-11,"D","Median",52,813.5
"973",2020-05-12,"D","Median",57,870.5
"974",2020-05-13,"D","Median",61,931.5
"975",2020-05-14,"D","Median",70,1001.5
"976",2020-05-15,"D","Median",73.5,1075
"977",2020-05-16,"D","Median",81,1156
"978",2020-05-17,"D","Median",89,1245
"979",2020-05-18,"D","Median",99,1344
"980",2020-05-19,"D","Median",107.5,1451.5
"981",2020-05-20,"D","Median",119.5,1571
"982",2020-05-21,"D","Median",130,1701
"983",2020-05-22,"D","Median",140.5,1841.5
"984",2020-05-23,"D","Median",155.5,1997
"985",2020-05-24,"D","Median",167,2164
"986",2020-05-25,"D","Median",183.5,2347.5
"987",2020-05-26,"D","Median",200,2547.5
"988",2020-05-27,"D","Median",216,2763.5
"989",2020-05-28,"D","Median",239,3002.5
"990",2020-05-29,"D","Median",266,3268.5
"991",2020-05-30,"D","Median",289,3557.5
"992",2020-05-31,"D","Median",309,3866.5
"993",2020-06-01,"D","Median",335,4201.5
"994",2020-06-02,"D","Median",371,4572.5
"995",2020-06-03,"D","Median",398,4970.5
"996",2020-06-04,"D","Median",440.5,5411
"997",2020-06-05,"D","Median",475.5,5886.5
"998",2020-06-06,"D","Median",514,6400.5
"999",2020-06-07,"D","Median",557,6957.5
"1000",2020-06-08,"D","Median",610,7567.5
"1001",2020-06-09,"D","Median",653.5,8221
"1002",2020-06-10,"D","Median",716,8937
"1003",2020-06-11,"D","Median",769,9706
"1004",2020-06-12,"D","Median",835,10541
"1005",2020-06-13,"D","Median",904,11445
"1006",2020-06-14,"D","Median",969.5,12414.5
"1007",2020-06-15,"D","Median",1053,13467.5
"1008",2020-06-16,"D","Median",1127.5,14595
"1009",2020-06-17,"D","Median",1222,15817
"1010",2020-06-18,"D","Median",1324,17141
"1011",2020-06-19,"D","Median",1418,18559
"1012",2020-06-20,"D","Median",1514,20073
"1013",2020-06-21,"D","Median",1625,21698
"1014",2020-06-22,"D","Median",1716.5,23414.5
"1015",2020-06-23,"D","Median",1848,25262.5
"1016",2020-06-24,"D","Median",1970.5,27233
"1017",2020-06-25,"D","Median",2095.5,29328.5
"1018",2020-06-26,"D","Median",2221,31549.5
"1019",2020-06-27,"D","Median",2348,33897.5
"1020",2020-06-28,"D","Median",2483.5,36381
"1021",2020-06-29,"D","Median",2611,38992
"1022",2020-06-30,"D","Median",2725.5,41717.5
"1023",2020-07-01,"D","Median",2838.5,44556
"1024",2020-07-02,"D","Median",2948.5,47504.5
"1025",2020-07-03,"D","Median",3069,50573.5
"1026",2020-07-04,"D","Median",3180,53753.5
"1027",2020-07-05,"D","Median",3255,57008.5
"1028",2020-07-06,"D","Median",3349.5,60358
"1029",2020-07-07,"D","Median",3419,63777
"1030",2020-07-08,"D","Median",3452.5,67229.5
"1031",2020-07-09,"D","Median",3495,70724.5
"1032",2020-07-10,"D","Median",3529.5,74254
"1033",2020-07-11,"D","Median",3517.5,77771.5
"1034",2020-07-12,"D","Median",3520.5,81292
"1035",2020-07-13,"D","Median",3513,84805
"1036",2020-07-14,"D","Median",3486.5,88291.5
"1037",2020-07-15,"D","Median",3435,91726.5
"1038",2020-07-16,"D","Median",3406.5,95133
"1039",2020-07-17,"D","Median",3355,98488
"1040",2020-07-18,"D","Median",3316,101804
"1041",2020-07-19,"D","Median",3285,105089
"1042",2020-07-20,"D","Median",3225.5,108314.5
"1043",2020-07-21,"D","Median",3178.5,111493
"1044",2020-07-22,"D","Median",3132,114625
"1045",2020-07-23,"D","Median",3070.5,117695.5
"1046",2020-07-24,"D","Median",3017,120712.5
"1047",2020-07-25,"D","Median",2985,123697.5
"1048",2020-07-26,"D","Median",2941.5,126639
"1049",2020-07-27,"D","Median",2888.5,129527.5
"1050",2020-07-28,"D","Median",2840,132367.5
"1051",2020-07-29,"D","Median",2782.5,135150
"1052",2020-07-30,"D","Median",2708.5,137858.5
"1053",2020-07-31,"D","Median",2664,140522.5
"1054",2020-08-01,"D","Median",2594.5,143117
"1055",2020-08-02,"D","Median",2537,145654
"1056",2020-08-03,"D","Median",2469.5,148123.5
"1057",2020-08-04,"D","Median",2412,150535.5
"1058",2020-08-05,"D","Median",2369,152904.5
"1059",2020-08-06,"D","Median",2300,155204.5
"1060",2020-08-07,"D","Median",2229.5,157434
"1061",2020-08-08,"D","Median",2159.5,159593.5
"1062",2020-08-09,"D","Median",2103,161696.5
"1063",2020-08-10,"D","Median",2035,163731.5
"1064",2020-08-11,"D","Median",1963.5,165695
"1065",2020-08-12,"D","Median",1920.5,167615.5
"1066",2020-08-13,"D","Median",1824,169439.5
"1067",2020-08-14,"D","Median",1757.5,171197
"1068",2020-08-15,"D","Median",1686.5,172883.5
"1069",2020-08-16,"D","Median",1591,174474.5
"1070",2020-08-17,"D","Median",1525.5,176000
"1071",2020-08-18,"D","Median",1456.5,177456.5
"1072",2020-08-19,"D","Median",1377.5,178834
"1073",2020-08-20,"D","Median",1309,180143
"1074",2020-08-21,"D","Median",1232.5,181375.5
"1075",2020-08-22,"D","Median",1169,182544.5
"1076",2020-08-23,"D","Median",1103.5,183648
"1077",2020-08-24,"D","Median",1036.5,184684.5
"1078",2020-08-25,"D","Median",972,185656.5
"1079",2020-08-26,"D","Median",919.5,186576
"1080",2020-08-27,"D","Median",861,187437
"1081",2020-08-28,"D","Median",815.5,188252.5
"1082",2020-08-29,"D","Median",766,189018.5
"1083",2020-08-30,"D","Median",723.5,189742
"1084",2020-08-31,"D","Median",681,190423
"1085",2020-09-01,"D","Median",635,191058
"1086",2020-09-02,"D","Median",602,191660
"1087",2020-09-03,"D","Median",560.5,192220.5
"1088",2020-09-04,"D","Median",528.5,192749
"1089",2020-09-05,"D","Median",496,193245
"1090",2020-09-06,"D","Median",462,193707
"1091",2020-09-07,"D","Median",436.5,194143.5
"1092",2020-09-08,"D","Median",415,194558.5
"1093",2020-09-09,"D","Median",382.5,194941
"1094",2020-09-10,"D","Median",362.5,195303.5
"1095",2020-09-11,"D","Median",338.5,195642
"1096",2020-09-12,"D","Median",320,195962
"1097",2020-09-13,"D","Median",293.5,196255.5
"1098",2020-09-14,"D","Median",279,196534.5
"1099",2020-09-15,"D","Median",267,196801.5
"1100",2020-09-16,"D","Median",251.5,197053
"1101",2020-09-17,"D","Median",230,197283
"1102",2020-09-18,"D","Median",217.5,197500.5
"1103",2020-09-19,"D","Median",207.5,197708
"1104",2020-09-20,"D","Median",192.5,197900.5
"1105",2020-09-21,"D","Median",184.5,198085
"1106",2020-09-22,"D","Median",170.5,198255.5
"1107",2020-09-23,"D","Median",161,198416.5
"1108",2020-09-24,"D","Median",152,198568.5
"1109",2020-09-25,"D","Median",139.5,198708
"1110",2020-09-26,"D","Median",131,198839
"1111",2020-09-27,"D","Median",124,198963
"1112",2020-09-28,"D","Median",116,199079
"1113",2020-09-29,"D","Median",109.5,199188.5
"1114",2020-09-30,"D","Median",104,199292.5
"1115",2020-10-01,"D","Median",94,199386.5
"1116",2020-10-02,"D","Median",92,199478.5
"1117",2020-10-03,"D","Median",82,199560.5
"1118",2020-10-04,"D","Median",77.5,199638
"1119",2020-10-05,"D","Median",75,199713
"1120",2020-10-06,"D","Median",69.5,199782.5
"1121",2020-10-07,"D","Median",64,199846.5
"1122",2020-10-08,"D","Median",63,199909.5
"1123",2020-10-09,"D","Median",56.5,199966
"1124",2020-10-10,"D","Median",54,200020
"1125",2020-10-11,"D","Median",52.5,200072.5
"1126",2020-10-12,"D","Median",49,200121.5
"1127",2020-10-13,"D","Median",45.5,200167
"1128",2020-10-14,"D","Median",40.5,200207.5
"1129",2020-10-15,"D","Median",40,200247.5
"1130",2020-10-16,"D","Median",37,200284.5
"1131",2020-10-17,"D","Median",34,200318.5
"1132",2020-10-18,"D","Median",33,200351.5
"1133",2020-10-19,"D","Median",30.5,200382
"1134",2020-10-20,"D","Median",28,200410
"1135",2020-10-21,"D","Median",28,200438
"1136",2020-10-22,"D","Median",26,200464
"1137",2020-10-23,"D","Median",24,200488
"1138",2020-10-24,"D","Median",22,200510
"1139",2020-10-25,"D","Median",21,200531
"1140",2020-10-26,"D","Median",19,200550
"1141",2020-10-27,"D","Median",17,200567
"1142",2020-10-28,"D","Median",16,200583
"1143",2020-10-29,"D","Median",15,200598
"1144",2020-10-30,"D","Median",14,200612
"1145",2020-10-31,"D","Median",14,200626
"1146",2020-11-01,"D","Median",12,200638
"1147",2020-11-02,"D","Median",12,200650
"1148",2020-11-03,"D","Median",12,200662
"1149",2020-11-04,"D","Median",10,200672
"1150",2020-11-05,"D","Median",10,200682
"1151",2020-11-06,"D","Median",10,200692
"1152",2020-11-07,"D","Median",9,200701
"1153",2020-11-08,"D","Median",9,200710
"1154",2020-11-09,"D","Median",8,200718
"1155",2020-11-10,"D","Median",8,200726
"1156",2020-11-11,"D","Median",8,200734
"1157",2020-11-12,"D","Median",8,200742
"1158",2020-11-13,"D","Median",7,200749
"1159",2020-11-14,"D","Median",6,200755
"1160",2020-11-15,"D","Median",6,200761
"1161",2020-11-16,"D","Median",5,200766
"1162",2020-11-17,"D","Median",6,200772
"1163",2020-11-18,"D","Median",5,200777
"1164",2020-11-19,"D","Median",5,200782
"1165",2020-11-20,"D","Median",4,200786
"1166",2020-11-21,"D","Median",3,200789
"1167",2020-11-22,"D","Median",3,200792
"1168",2020-11-23,"D","Median",3,200795
"1169",2020-11-24,"D","Median",3,200798
"1170",2020-11-25,"D","Median",3,200801
"1171",2020-11-26,"D","Median",3,200804
"1172",2020-11-27,"D","Median",3,200807
"1173",2020-11-28,"D","Median",3,200810
"1174",2020-11-29,"D","Median",3,200813
"1175",2020-11-30,"D","Median",3,200816
"1176",2020-12-01,"D","Median",2,200818
"1177",2020-12-02,"D","Median",2,200820
"1178",2020-12-03,"D","Median",1,200821
"1179",2020-12-04,"D","Median",1,200822
"1180",2020-12-05,"D","Median",1,200823
"1181",2020-12-06,"D","Median",1,200824
"1182",2020-12-07,"D","Median",0,200824
"1183",2020-12-08,"D","Median",1,200825
"1184",2020-12-09,"D","Median",0,200825
"1185",2020-12-10,"D","Median",0,200825
"1186",2020-12-11,"D","Median",0,200825
"1187",2020-12-12,"D","Median",0,200825
"1188",2020-12-13,"D","Median",0,200825
"1189",2020-12-14,"D","Median",0,200825
"1190",2020-12-15,"D","Median",0,200825
"1191",2020-12-16,"D","Median",0,200825
"1192",2020-12-17,"D","Median",0,200825
"1193",2020-12-18,"D","Median",0,200825
"1194",2020-12-19,"D","Median",0,200825
"1195",2020-12-20,"D","Median",0,200825
"1196",2020-12-21,"D","Median",0,200825
"1197",2020-12-22,"D","Median",0,200825
"1198",2020-12-23,"D","Median",0,200825
"1199",2020-12-24,"D","Median",0,200825
"1200",2020-12-25,"D","Median",NA,NA
