"","Time","scenario","summary_stat","incident_death","cum_death"
"1",2020-03-01,"A","Median",0,0
"2",2020-03-02,"A","Median",0.018609785202864,0.018609785202864
"3",2020-03-03,"A","Median",0.030602792195871,0.0492125773987349
"4",2020-03-04,"A","Median",0.0234846120466646,0.0726971894453995
"5",2020-03-05,"A","Median",0.00536992840095465,0.0780671178463541
"6",2020-03-06,"A","Median",0.0132398568019093,0.0913069746482634
"7",2020-03-07,"A","Median",0.0288545404476192,0.120161515095883
"8",2020-03-08,"A","Median",0.0746560111012485,0.194817526197131
"9",2020-03-09,"A","Median",0,0.194817526197131
"10",2020-03-10,"A","Median",0.018609785202864,0.213427311399995
"11",2020-03-11,"A","Median",0.030602792195871,0.244030103595866
"12",2020-03-12,"A","Median",0.030602792195871,0.274632895791737
"13",2020-03-13,"A","Median",0,0.274632895791737
"14",2020-03-14,"A","Median",0.018609785202864,0.293242680994601
"15",2020-03-15,"A","Median",0.030602792195871,0.323845473190472
"16",2020-03-16,"A","Median",0.030602792195871,0.354448265386343
"17",2020-03-17,"A","Median",0,0.354448265386343
"18",2020-03-18,"A","Median",0.018609785202864,0.373058050589207
"19",2020-03-19,"A","Median",0.030602792195871,0.403660842785078
"20",2020-03-20,"A","Median",0.030602792195871,0.434263634980949
"21",2020-03-21,"A","Median",0.0502125773987349,0.484476212379684
"22",2020-03-22,"A","Median",0.0502125773987349,0.534688789778418
"23",2020-03-23,"A","Median",0.0502125773987349,0.584901367177153
"24",2020-03-24,"A","Median",0.136893368359187,0.72179473553634
"25",2020-03-25,"A","Median",0.136893368359187,0.858688103895527
"26",2020-03-26,"A","Median",0.155503153562051,1.01419125745758
"27",2020-03-27,"A","Median",0.155503153562051,1.16969441101963
"28",2020-03-28,"A","Median",0.156503153562051,1.32619756458168
"29",2020-03-29,"A","Median",0.155503153562051,1.48170071814373
"30",2020-03-30,"A","Median",0.155503153562051,1.63720387170578
"31",2020-03-31,"A","Median",0.155503153562051,1.79270702526783
"32",2020-04-01,"A","Median",0.155503153562051,1.94821017882988
"33",2020-04-02,"A","Median",0.155503153562051,2.10371333239193
"34",2020-04-03,"A","Median",0.163498491557389,2.26721182394932
"35",2020-04-04,"A","Median",0.163498491557389,2.43071031550671
"36",2020-04-05,"A","Median",0.163498491557389,2.5942088070641
"37",2020-04-06,"A","Median",0.164498491557389,2.75870729862149
"38",2020-04-07,"A","Median",0.164498491557389,2.92320579017888
"39",2020-04-08,"A","Median",0.164498491557389,3.08770428173627
"40",2020-04-09,"A","Median",0.164498491557389,3.25220277329366
"41",2020-04-10,"A","Median",0.164498491557389,3.41670126485104
"42",2020-04-11,"A","Median",0.183108276760253,3.5998095416113
"43",2020-04-12,"A","Median",0.183108276760253,3.78291781837155
"44",2020-04-13,"A","Median",0.183108276760253,3.9660260951318
"45",2020-04-14,"A","Median",0.187105945757922,4.15313204088972
"46",2020-04-15,"A","Median",0.191103614755591,4.34423565564532
"47",2020-04-16,"A","Median",0.191103614755591,4.53533927040091
"48",2020-04-17,"A","Median",0.172493829552727,4.70783309995363
"49",2020-04-18,"A","Median",0.191103614755591,4.89893671470922
"50",2020-04-19,"A","Median",0.172493829552727,5.07143054426195
"51",2020-04-20,"A","Median",0.172493829552727,5.24392437381468
"52",2020-04-21,"A","Median",0.172493829552727,5.4164182033674
"53",2020-04-22,"A","Median",0.172493829552727,5.58891203292013
"54",2020-04-23,"A","Median",0.172493829552727,5.76140586247286
"55",2020-04-24,"A","Median",0.172493829552727,5.93389969202559
"56",2020-04-25,"A","Median",0.172493829552727,6.10639352157831
"57",2020-04-26,"A","Median",0.172493829552727,6.27888735113104
"58",2020-04-27,"A","Median",0.176491498550396,6.45537884968144
"59",2020-04-28,"A","Median",0.176491498550396,6.63187034823183
"60",2020-04-29,"A","Median",0.180489167548065,6.8123595157799
"61",2020-04-30,"A","Median",0.176491498550396,6.98885101433029
"62",2020-05-01,"A","Median",0.180489167548065,7.16934018187836
"63",2020-05-02,"A","Median",0.180489167548065,7.34982934942642
"64",2020-05-03,"A","Median",0.180489167548065,7.53031851697449
"65",2020-05-04,"A","Median",0.199098952750929,7.72941746972541
"66",2020-05-05,"A","Median",0.180489167548065,7.90990663727348
"67",2020-05-06,"A","Median",0.199098952750929,8.10900559002441
"68",2020-05-07,"A","Median",0.199098952750929,8.30810454277534
"69",2020-05-08,"A","Median",0.199098952750929,8.50720349552627
"70",2020-05-09,"A","Median",0.199098952750929,8.70630244827719
"71",2020-05-10,"A","Median",0.199098952750929,8.90540140102812
"72",2020-05-11,"A","Median",0.203096621748598,9.10849802277672
"73",2020-05-12,"A","Median",0.203096621748598,9.31159464452532
"74",2020-05-13,"A","Median",0.199098952750929,9.51069359727625
"75",2020-05-14,"A","Median",0.203096621748598,9.71379021902485
"76",2020-05-15,"A","Median",0.203096621748598,9.91688684077344
"77",2020-05-16,"A","Median",0.203096621748598,10.119983462522
"78",2020-05-17,"A","Median",0.203096621748598,10.3230800842706
"79",2020-05-18,"A","Median",0.203096621748598,10.5261767060192
"80",2020-05-19,"A","Median",0.207094290746267,10.7332709967655
"81",2020-05-20,"A","Median",0.203096621748598,10.9363676185141
"82",2020-05-21,"A","Median",0.203096621748598,11.1394642402627
"83",2020-05-22,"A","Median",0.203096621748598,11.3425608620113
"84",2020-05-23,"A","Median",0.207094290746267,11.5496551527576
"85",2020-05-24,"A","Median",0.225704075949131,11.7753592287067
"86",2020-05-25,"A","Median",0.211091959743936,11.9864511884506
"87",2020-05-26,"A","Median",0.2297017449468,12.2161529333974
"88",2020-05-27,"A","Median",0.207094290746267,12.4232472241437
"89",2020-05-28,"A","Median",0.2307017449468,12.6539489690905
"90",2020-05-29,"A","Median",0.209093707995684,12.8630426770862
"91",2020-05-30,"A","Median",0.234699413944469,13.0977420910306
"92",2020-05-31,"A","Median",0.2307017449468,13.3284438359774
"93",2020-06-01,"A","Median",0.234699413944469,13.5631432499219
"94",2020-06-02,"A","Median",0.234699413944469,13.7978426638664
"95",2020-06-03,"A","Median",0.234699413944469,14.0325420778109
"96",2020-06-04,"A","Median",0.234699413944469,14.2672414917553
"97",2020-06-05,"A","Median",0.234699413944469,14.5019409056998
"98",2020-06-06,"A","Median",0.234699413944469,14.7366403196443
"99",2020-06-07,"A","Median",0.234699413944469,14.9713397335887
"100",2020-06-08,"A","Median",0.234699413944469,15.2060391475332
"101",2020-06-09,"A","Median",0.234699413944469,15.4407385614777
"102",2020-06-10,"A","Median",0.234699413944469,15.6754379754221
"103",2020-06-11,"A","Median",0.235698831193886,15.911136806616
"104",2020-06-12,"A","Median",0.234699413944469,16.1458362205605
"105",2020-06-13,"A","Median",0.253309199147333,16.3991454197078
"106",2020-06-14,"A","Median",0.253309199147333,16.6524546188552
"107",2020-06-15,"A","Median",0.234699413944469,16.8871540327996
"108",2020-06-16,"A","Median",0.257306868145002,17.1444609009446
"109",2020-06-17,"A","Median",0.243349529242854,17.3878104301875
"110",2020-06-18,"A","Median",0.257306868145002,17.6451172983325
"111",2020-06-19,"A","Median",0.257306868145002,17.9024241664775
"112",2020-06-20,"A","Median",0.257306868145002,18.1597310346225
"113",2020-06-21,"A","Median",0.257306868145002,18.4170379027675
"114",2020-06-22,"A","Median",0.258306868145002,18.6753447709125
"115",2020-06-23,"A","Median",0.258306868145002,18.9336516390575
"116",2020-06-24,"A","Median",0.257306868145002,19.1909585072025
"117",2020-06-25,"A","Median",0.258306868145002,19.4492653753475
"118",2020-06-26,"A","Median",0.258306868145002,19.7075722434925
"119",2020-06-27,"A","Median",0.258306868145002,19.9658791116375
"120",2020-06-28,"A","Median",0.258306868145002,20.2241859797825
"121",2020-06-29,"A","Median",0.258306868145002,20.4824928479275
"122",2020-06-30,"A","Median",0.258306868145002,20.7407997160725
"123",2020-07-01,"A","Median",0.262304537142671,21.0031042532152
"124",2020-07-02,"A","Median",0.258306868145002,21.2614111213602
"125",2020-07-03,"A","Median",0.262304537142671,21.5237156585028
"126",2020-07-04,"A","Median",0.259306285394419,21.7830219438973
"127",2020-07-05,"A","Median",0.262304537142671,22.0453264810399
"128",2020-07-06,"A","Median",0.258306868145002,22.3036333491849
"129",2020-07-07,"A","Median",0.280914322345535,22.5845476715305
"130",2020-07-08,"A","Median",0.280914322345535,22.865461993876
"131",2020-07-09,"A","Median",0.280914322345535,23.1463763162215
"132",2020-07-10,"A","Median",0.280914322345535,23.4272906385671
"133",2020-07-11,"A","Median",0.262304537142671,23.6895951757097
"134",2020-07-12,"A","Median",0.280914322345535,23.9705094980553
"135",2020-07-13,"A","Median",0.262304537142671,24.232814035198
"136",2020-07-14,"A","Median",0.284911991343204,24.5177260265412
"137",2020-07-15,"A","Median",0.284911991343204,24.8026380178844
"138",2020-07-16,"A","Median",0.282913739594952,25.0855517574793
"139",2020-07-17,"A","Median",0.284911991343204,25.3704637488225
"140",2020-07-18,"A","Median",0.542708052070901,25.9131718008934
"141",2020-07-19,"A","Median",0.683220529642276,26.5963923305357
"142",2020-07-20,"A","Median",0.749045223246206,27.3454375537819
"143",2020-07-21,"A","Median",0.792262462649603,28.1377000164315
"144",2020-07-22,"A","Median",0.939770278216316,29.0774702946478
"145",2020-07-23,"A","Median",1.07432075488088,30.1517910495287
"146",2020-07-24,"A","Median",1.13455574572367,31.2863467952524
"147",2020-07-25,"A","Median",1.26539103254794,32.5517378278003
"148",2020-07-26,"A","Median",1.45011841852038,34.0018562463207
"149",2020-07-27,"A","Median",1.59291423318029,35.594770479501
"150",2020-07-28,"A","Median",1.74251668869337,37.3372871681944
"151",2020-07-29,"A","Median",1.84556153545361,39.182848703648
"152",2020-07-30,"A","Median",1.99688112040158,41.1797298240496
"153",2020-07-31,"A","Median",2.19778683023286,43.3775166542824
"154",2020-08-01,"A","Median",2.38189568974369,45.7594123440261
"155",2020-08-02,"A","Median",2.59123052991667,48.3506428739428
"156",2020-08-03,"A","Median",2.83988102112348,51.1905238950662
"157",2020-08-04,"A","Median",3.11132536506008,54.3018492601263
"158",2020-08-05,"A","Median",3.44300420092663,57.744853461053
"159",2020-08-06,"A","Median",3.75925731911725,61.5041107801702
"160",2020-08-07,"A","Median",4.11379216850259,65.6179029486728
"161",2020-08-08,"A","Median",4.59091899014918,70.208821938822
"162",2020-08-09,"A","Median",4.9007417286592,75.1095636674812
"163",2020-08-10,"A","Median",5.42202188066845,80.5315855481496
"164",2020-08-11,"A","Median",5.84397489810292,86.3755604462525
"165",2020-08-12,"A","Median",6.38202338430214,92.7575838305547
"166",2020-08-13,"A","Median",7.04537642642001,99.8029602569747
"167",2020-08-14,"A","Median",7.72409468983883,107.527054946814
"168",2020-08-15,"A","Median",8.53992991275643,116.06698485957
"169",2020-08-16,"A","Median",9.11588783200471,125.182872691575
"170",2020-08-17,"A","Median",10.0347299025894,135.217602594164
"171",2020-08-18,"A","Median",10.9021775754129,146.119780169577
"172",2020-08-19,"A","Median",11.7347520336395,157.854532203216
"173",2020-08-20,"A","Median",12.9389018137048,170.793434016921
"174",2020-08-21,"A","Median",14.0278640912419,184.821298108163
"175",2020-08-22,"A","Median",15.4062754332406,200.227573541404
"176",2020-08-23,"A","Median",16.5659813457109,216.793554887115
"177",2020-08-24,"A","Median",17.7826863259477,234.576241213062
"178",2020-08-25,"A","Median",19.6251786648791,254.201419877941
"179",2020-08-26,"A","Median",21.0960641682505,275.297484046192
"180",2020-08-27,"A","Median",22.6679588590134,297.965442905205
"181",2020-08-28,"A","Median",24.5896437190326,322.555086624238
"182",2020-08-29,"A","Median",26.5749695126988,349.130056136937
"183",2020-08-30,"A","Median",28.8955561941194,378.025612331056
"184",2020-08-31,"A","Median",30.6219054825984,408.647517813655
"185",2020-09-01,"A","Median",32.5185298201118,441.166047633766
"186",2020-09-02,"A","Median",34.4588676767928,475.624915310559
"187",2020-09-03,"A","Median",37.3824724733386,513.007387783898
"188",2020-09-04,"A","Median",40.1345747995061,553.141962583404
"189",2020-09-05,"A","Median",42.6741577277828,595.816120311187
"190",2020-09-06,"A","Median",45.2104160106037,641.02653632179
"191",2020-09-07,"A","Median",47.5239280245512,688.550464346342
"192",2020-09-08,"A","Median",50.3275448127914,738.878009159133
"193",2020-09-09,"A","Median",52.8880540327726,791.766063191906
"194",2020-09-10,"A","Median",55.1903081443336,846.956371336239
"195",2020-09-11,"A","Median",57.6922965140384,904.648667850278
"196",2020-09-12,"A","Median",59.2933591395828,963.942026989861
"197",2020-09-13,"A","Median",61.3780906161362,1025.320117606
"198",2020-09-14,"A","Median",62.6511103894757,1087.97122799547
"199",2020-09-15,"A","Median",63.7779522714637,1151.74918026694
"200",2020-09-16,"A","Median",64.8980907095328,1216.64727097647
"201",2020-09-17,"A","Median",65.6888329822356,1282.3361039587
"202",2020-09-18,"A","Median",65.8057038462411,1348.14180780495
"203",2020-09-19,"A","Median",66.2677195258408,1414.40952733079
"204",2020-09-20,"A","Median",66.7535607308448,1481.16308806163
"205",2020-09-21,"A","Median",67.2485518083561,1548.41163986999
"206",2020-09-22,"A","Median",67.0266365807092,1615.4382764507
"207",2020-09-23,"A","Median",67.0161361141858,1682.45441256488
"208",2020-09-24,"A","Median",66.6128881046512,1749.06730066953
"209",2020-09-25,"A","Median",66.4509322094128,1815.51823287895
"210",2020-09-26,"A","Median",66.4840332620789,1882.00226614103
"211",2020-09-27,"A","Median",65.7702522850466,1947.77251842607
"212",2020-09-28,"A","Median",65.1434736028318,2012.9159920289
"213",2020-09-29,"A","Median",65.106809400273,2078.02280142918
"214",2020-09-30,"A","Median",63.9076911252067,2141.93049255438
"215",2020-10-01,"A","Median",63.2022056416508,2205.13269819603
"216",2020-10-02,"A","Median",62.1922529507863,2267.32495114682
"217",2020-10-03,"A","Median",61.9601424331201,2329.28509357994
"218",2020-10-04,"A","Median",61.6017024751943,2390.88679605513
"219",2020-10-05,"A","Median",60.1924701772362,2451.07926623237
"220",2020-10-06,"A","Median",59.4037065403634,2510.48297277273
"221",2020-10-07,"A","Median",59.1916695570586,2569.67464232979
"222",2020-10-08,"A","Median",57.9754112647967,2627.65005359459
"223",2020-10-09,"A","Median",57.3511981908896,2685.00125178548
"224",2020-10-10,"A","Median",56.6710689121953,2741.67232069767
"225",2020-10-11,"A","Median",56.1081003120937,2797.78042100977
"226",2020-10-12,"A","Median",55.8232193268367,2853.60364033661
"227",2020-10-13,"A","Median",54.921550666593,2908.5251910032
"228",2020-10-14,"A","Median",53.9914940727564,2962.51668507595
"229",2020-10-15,"A","Median",53.2843242979412,3015.8010093739
"230",2020-10-16,"A","Median",52.7352246069869,3068.53623398088
"231",2020-10-17,"A","Median",52.0632441705848,3120.59947815147
"232",2020-10-18,"A","Median",51.2292723621961,3171.82875051366
"233",2020-10-19,"A","Median",50.8634547584729,3222.69220527214
"234",2020-10-20,"A","Median",50.0003857853293,3272.69259105747
"235",2020-10-21,"A","Median",49.2977813278472,3321.99037238531
"236",2020-10-22,"A","Median",48.6798473764885,3370.6702197618
"237",2020-10-23,"A","Median",47.9274643576863,3418.59768411949
"238",2020-10-24,"A","Median",47.5550589069588,3466.15274302645
"239",2020-10-25,"A","Median",47.1363797760395,3513.28912280249
"240",2020-10-26,"A","Median",46.6533057721138,3559.9424285746
"241",2020-10-27,"A","Median",46.2775610100328,3606.21998958463
"242",2020-10-28,"A","Median",45.793842513641,3652.01383209827
"243",2020-10-29,"A","Median",45.2289670613558,3697.24279915963
"244",2020-10-30,"A","Median",44.9605185543274,3742.20331771396
"245",2020-10-31,"A","Median",44.3752598217317,3786.57857753569
"246",2020-11-01,"A","Median",43.7118487819167,3830.29042631761
"247",2020-11-02,"A","Median",43.2665960842466,3873.55702240185
"248",2020-11-03,"A","Median",42.5658672537382,3916.12288965559
"249",2020-11-04,"A","Median",42.3282380619226,3958.45112771751
"250",2020-11-05,"A","Median",41.802517911984,4000.2536456295
"251",2020-11-06,"A","Median",40.8778755460237,4041.13152117552
"252",2020-11-07,"A","Median",40.6348046918647,4081.76632586738
"253",2020-11-08,"A","Median",39.8227176368576,4121.58904350424
"254",2020-11-09,"A","Median",39.1972130648904,4160.78625656913
"255",2020-11-10,"A","Median",38.6092671272827,4199.39552369642
"256",2020-11-11,"A","Median",38.1520145782292,4237.54753827464
"257",2020-11-12,"A","Median",37.3361572170481,4274.88369549169
"258",2020-11-13,"A","Median",37.0325714152341,4311.91626690693
"259",2020-11-14,"A","Median",35.7000641262433,4347.61633103317
"260",2020-11-15,"A","Median",34.5555645390554,4382.17189557223
"261",2020-11-16,"A","Median",34.1696337698529,4416.34152934208
"262",2020-11-17,"A","Median",33.1171773974007,4449.45870673948
"263",2020-11-18,"A","Median",32.5126247796858,4481.97133151916
"264",2020-11-19,"A","Median",31.6375263249755,4513.60885784414
"265",2020-11-20,"A","Median",30.5797580993043,4544.18861594345
"266",2020-11-21,"A","Median",29.717531379048,4573.90614732249
"267",2020-11-22,"A","Median",28.584172647928,4602.49031997042
"268",2020-11-23,"A","Median",27.5313382897189,4630.02165826014
"269",2020-11-24,"A","Median",26.5298672156794,4656.55152547582
"270",2020-11-25,"A","Median",25.6394123560426,4682.19093783186
"271",2020-11-26,"A","Median",24.997498269652,4707.18843610151
"272",2020-11-27,"A","Median",23.5749343713842,4730.7633704729
"273",2020-11-28,"A","Median",22.8653875849704,4753.62875805787
"274",2020-11-29,"A","Median",21.4420656166407,4775.07082367451
"275",2020-11-30,"A","Median",21.094662308036,4796.16548598254
"276",2020-12-01,"A","Median",19.9476946172549,4816.1131805998
"277",2020-12-02,"A","Median",19.1297078059677,4835.24288840577
"278",2020-12-03,"A","Median",18.2083912539229,4853.45127965969
"279",2020-12-04,"A","Median",17.6327997214768,4871.08407938117
"280",2020-12-05,"A","Median",16.7486101233236,4887.83268950449
"281",2020-12-06,"A","Median",15.6292201212737,4903.46190962576
"282",2020-12-07,"A","Median",15.3372186699605,4918.79912829573
"283",2020-12-08,"A","Median",14.5253750133542,4933.32450330908
"284",2020-12-09,"A","Median",13.6764156340706,4947.00091894315
"285",2020-12-10,"A","Median",13.2073333641316,4960.20825230728
"286",2020-12-11,"A","Median",12.3763623298364,4972.58461463712
"287",2020-12-12,"A","Median",11.8520789888937,4984.43669362601
"288",2020-12-13,"A","Median",11.1075371135344,4995.54423073955
"289",2020-12-14,"A","Median",10.6454832434986,5006.18971398304
"290",2020-12-15,"A","Median",9.99689553798008,5016.18660952102
"291",2020-12-16,"A","Median",9.22668512929468,5025.41329465032
"292",2020-12-17,"A","Median",8.88241514998526,5034.2957098003
"293",2020-12-18,"A","Median",8.6267368092363,5042.92244660954
"294",2020-12-19,"A","Median",8.12846184427535,5051.05090845382
"295",2020-12-20,"A","Median",7.73089786987819,5058.78180632369
"296",2020-12-21,"A","Median",7.36402739698579,5066.14583372068
"297",2020-12-22,"A","Median",6.88495829785582,5073.03079201854
"298",2020-12-23,"A","Median",6.67352512989013,5079.70431714843
"299",2020-12-24,"A","Median",6.25635073609123,5085.96066788452
"300",2020-12-25,"A","Median",5.69648065512518,5091.65714853964
"301",2020-03-01,"B","Median",0,0
"302",2020-03-02,"B","Median",0.018609785202864,0.018609785202864
"303",2020-03-03,"B","Median",0.026605123198202,0.0452149084010659
"304",2020-03-04,"B","Median",0.0234846120466646,0.0686995204477305
"305",2020-03-05,"B","Median",0.00536992840095465,0.0740694488486851
"306",2020-03-06,"B","Median",0.0132398568019093,0.0873093056505944
"307",2020-03-07,"B","Median",0.0260223726154514,0.113331678266046
"308",2020-03-08,"B","Median",0.0773333160657875,0.190664994331833
"309",2020-03-09,"B","Median",0,0.190664994331833
"310",2020-03-10,"B","Median",0.018609785202864,0.209274779534697
"311",2020-03-11,"B","Median",0.026605123198202,0.235879902732899
"312",2020-03-12,"B","Median",0.030602792195871,0.26648269492877
"313",2020-03-13,"B","Median",0,0.26648269492877
"314",2020-03-14,"B","Median",0.018609785202864,0.285092480131634
"315",2020-03-15,"B","Median",0.026605123198202,0.311697603329836
"316",2020-03-16,"B","Median",0.030602792195871,0.342300395525707
"317",2020-03-17,"B","Median",0,0.342300395525707
"318",2020-03-18,"B","Median",0.018609785202864,0.360910180728571
"319",2020-03-19,"B","Median",0.026605123198202,0.387515303926773
"320",2020-03-20,"B","Median",0.030602792195871,0.418118096122644
"321",2020-03-21,"B","Median",0.0502125773987349,0.468330673521379
"322",2020-03-22,"B","Median",0.136893368359187,0.605224041880566
"323",2020-03-23,"B","Median",0.136893368359187,0.742117410239753
"324",2020-03-24,"B","Median",0.136893368359187,0.87901077859894
"325",2020-03-25,"B","Median",0.136893368359187,1.01590414695813
"326",2020-03-26,"B","Median",0.155503153562051,1.17140730052018
"327",2020-03-27,"B","Median",0.155503153562051,1.32691045408223
"328",2020-03-28,"B","Median",0.156503153562051,1.48341360764428
"329",2020-03-29,"B","Median",0.156503153562051,1.63991676120633
"330",2020-03-30,"B","Median",0.155503153562051,1.79541991476838
"331",2020-03-31,"B","Median",0.155503153562051,1.95092306833043
"332",2020-04-01,"B","Median",0.155503153562051,2.10642622189248
"333",2020-04-02,"B","Median",0.155503153562051,2.26192937545453
"334",2020-04-03,"B","Median",0.163498491557389,2.42542786701192
"335",2020-04-04,"B","Median",0.164498491557389,2.58992635856931
"336",2020-04-05,"B","Median",0.164498491557389,2.7544248501267
"337",2020-04-06,"B","Median",0.164498491557389,2.91892334168409
"338",2020-04-07,"B","Median",0.164498491557389,3.08342183324148
"339",2020-04-08,"B","Median",0.164498491557389,3.24792032479887
"340",2020-04-09,"B","Median",0.164498491557389,3.41241881635626
"341",2020-04-10,"B","Median",0.183108276760253,3.59552709311651
"342",2020-04-11,"B","Median",0.183108276760253,3.77863536987676
"343",2020-04-12,"B","Median",0.183108276760253,3.96174364663701
"344",2020-04-13,"B","Median",0.183108276760253,4.14485192339727
"345",2020-04-14,"B","Median",0.183108276760253,4.32796020015752
"346",2020-04-15,"B","Median",0.187105945757922,4.51506614591544
"347",2020-04-16,"B","Median",0.172493829552727,4.68755997546817
"348",2020-04-17,"B","Median",0.172493829552727,4.8600538050209
"349",2020-04-18,"B","Median",0.172493829552727,5.03254763457362
"350",2020-04-19,"B","Median",0.172493829552727,5.20504146412635
"351",2020-04-20,"B","Median",0.172493829552727,5.37753529367907
"352",2020-04-21,"B","Median",0.172493829552727,5.5500291232318
"353",2020-04-22,"B","Median",0.172493829552727,5.72252295278453
"354",2020-04-23,"B","Median",0.172493829552727,5.89501678233726
"355",2020-04-24,"B","Median",0.172493829552727,6.06751061188998
"356",2020-04-25,"B","Median",0.172493829552727,6.24000444144271
"357",2020-04-26,"B","Median",0.176491498550396,6.4164959399931
"358",2020-04-27,"B","Median",0.176491498550396,6.5929874385435
"359",2020-04-28,"B","Median",0.176491498550396,6.7694789370939
"360",2020-04-29,"B","Median",0.199098952750929,6.96857788984483
"361",2020-04-30,"B","Median",0.19510128375326,7.16367917359809
"362",2020-05-01,"B","Median",0.199098952750929,7.36277812634901
"363",2020-05-02,"B","Median",0.199098952750929,7.56187707909994
"364",2020-05-03,"B","Median",0.203096621748598,7.76497370084854
"365",2020-05-04,"B","Median",0.199098952750929,7.96407265359947
"366",2020-05-05,"B","Median",0.203096621748598,8.16716927534807
"367",2020-05-06,"B","Median",0.200098952750929,8.367268228099
"368",2020-05-07,"B","Median",0.226704075949131,8.59397230404813
"369",2020-05-08,"B","Median",0.222706406951462,8.81667871099959
"370",2020-05-09,"B","Median",0.226704075949131,9.04338278694872
"371",2020-05-10,"B","Median",0.226704075949131,9.27008686289785
"372",2020-05-11,"B","Median",0.222706406951462,9.49279326984931
"373",2020-05-12,"B","Median",0.226704075949131,9.71949734579844
"374",2020-05-13,"B","Median",0.226704075949131,9.94620142174757
"375",2020-05-14,"B","Median",0.245313861151995,10.1915152828996
"376",2020-05-15,"B","Median",0.246313861151995,10.4378291440516
"377",2020-05-16,"B","Median",0.250311530149664,10.6881406742012
"378",2020-05-17,"B","Median",0.250311530149664,10.9384522043509
"379",2020-05-18,"B","Median",0.268921315352528,11.2073735197034
"380",2020-05-19,"B","Median",0.272918984350197,11.4802925040536
"381",2020-05-20,"B","Median",0.272918984350197,11.7532114884038
"382",2020-05-21,"B","Median",0.364597444308318,12.1178089327121
"383",2020-05-22,"B","Median",0.383207229511182,12.5010161622233
"384",2020-05-23,"B","Median",0.383207229511182,12.8842233917345
"385",2020-05-24,"B","Median",0.383207229511182,13.2674306212457
"386",2020-05-25,"B","Median",0.387204898508851,13.6546355197545
"387",2020-05-26,"B","Median",0.405814683711715,14.0604502034662
"388",2020-05-27,"B","Median",0.429422137912247,14.4898723413785
"389",2020-05-28,"B","Median",0.433419806909916,14.9232921482884
"390",2020-05-29,"B","Median",0.536712131324981,15.4600042796134
"391",2020-05-30,"B","Median",0.543708052070901,16.0037123316843
"392",2020-05-31,"B","Median",0.563317254523183,16.5670295862075
"393",2020-06-01,"B","Median",0.585925291474298,17.1529548776818
"394",2020-06-02,"B","Median",0.589922960471967,17.7428778381537
"395",2020-06-03,"B","Median",0.594920629469636,18.3377984676234
"396",2020-06-04,"B","Median",0.722818659833485,19.0606171274569
"397",2020-06-05,"B","Median",0.722818659833485,19.7834357872903
"398",2020-06-06,"B","Median",0.750423783031687,20.533859570322
"399",2020-06-07,"B","Median",0.769033568234551,21.3028931385566
"400",2020-06-08,"B","Median",0.77403123723222,22.0769243757888
"401",2020-06-09,"B","Median",0.791641022435084,22.8685653982239
"402",2020-06-10,"B","Median",0.820246145633286,23.6888115438572
"403",2020-06-11,"B","Median",0.926536721796602,24.6153482656538
"404",2020-06-12,"B","Median",0.975999299195337,25.5913475648491
"405",2020-06-13,"B","Median",1.01796653859873,26.6093141034478
"406",2020-06-14,"B","Median",1.10564732955919,27.714961433007
"407",2020-06-15,"B","Median",1.17047202316312,28.8854334561701
"408",2020-06-16,"B","Median",1.17946736115845,30.0649008173286
"409",2020-06-17,"B","Median",1.29340805262015,31.3583088699488
"410",2020-06-18,"B","Median",1.35458029992337,32.7128891698721
"411",2020-06-19,"B","Median",1.3781877541239,34.091076923996
"412",2020-06-20,"B","Median",1.42440266252497,35.515479586521
"413",2020-06-21,"B","Median",1.52007879148076,37.0355583780017
"414",2020-06-22,"B","Median",1.6635889380498,38.6991473160516
"415",2020-06-23,"B","Median",1.72841363165373,40.4275609477053
"416",2020-06-24,"B","Median",1.82408976060952,42.2516507083148
"417",2020-06-25,"B","Median",1.87130466901059,44.1229553773254
"418",2020-06-26,"B","Median",1.95398914781738,46.0769445251428
"419",2020-06-27,"B","Median",1.96398448581272,48.0409290109555
"420",2020-06-28,"B","Median",2.09763018517424,50.1385591961297
"421",2020-06-29,"B","Median",2.25478811603933,52.3933473121691
"422",2020-06-30,"B","Median",2.29735057813968,54.6906978903087
"423",2020-07-01,"B","Median",2.513680756308,57.2043786466167
"424",2020-07-02,"B","Median",2.64357878667185,59.8479574332886
"425",2020-07-03,"B","Median",2.83059125798456,62.6785486912731
"426",2020-07-04,"B","Median",2.99945711050239,65.6780058017755
"427",2020-07-05,"B","Median",3.19852272616479,68.8765285279403
"428",2020-07-06,"B","Median",3.31923951891689,72.1957680468572
"429",2020-07-07,"B","Median",3.60657795930321,75.8023460061604
"430",2020-07-08,"B","Median",3.69866255340839,79.5010085595688
"431",2020-07-09,"B","Median",4.03948870704757,83.5404972666164
"432",2020-07-10,"B","Median",4.13757155290101,87.6780688195174
"433",2020-07-11,"B","Median",4.39352635395866,92.0715951734761
"434",2020-07-12,"B","Median",4.55861921028185,96.6302143837579
"435",2020-07-13,"B","Median",4.98487634622433,101.615090729982
"436",2020-07-14,"B","Median",5.1470319460871,106.762122676069
"437",2020-07-15,"B","Median",5.51146457976849,112.273587255838
"438",2020-07-16,"B","Median",5.58703694237009,117.860624198208
"439",2020-07-17,"B","Median",5.86684717419596,123.727471372404
"440",2020-07-18,"B","Median",6.87892900759657,130.60640038
"441",2020-07-19,"B","Median",7.89463130705338,138.501031687054
"442",2020-07-20,"B","Median",8.77319697503628,147.27422866209
"443",2020-07-21,"B","Median",9.65316095861752,156.927389620708
"444",2020-07-22,"B","Median",10.7956382161991,167.723027836907
"445",2020-07-23,"B","Median",11.7649089443433,179.48793678125
"446",2020-07-24,"B","Median",12.850217334898,192.338154116148
"447",2020-07-25,"B","Median",13.9331221136508,206.271276229799
"448",2020-07-26,"B","Median",15.1309683579587,221.402244587758
"449",2020-07-27,"B","Median",16.3447366644857,237.746981252243
"450",2020-07-28,"B","Median",17.6949359470573,255.441917199301
"451",2020-07-29,"B","Median",19.2267656446526,274.668682843953
"452",2020-07-30,"B","Median",20.780394882589,295.449077726542
"453",2020-07-31,"B","Median",22.3063304837346,317.755408210277
"454",2020-08-01,"B","Median",24.4695391072646,342.224947317541
"455",2020-08-02,"B","Median",25.9021759737387,368.12712329128
"456",2020-08-03,"B","Median",27.8794780485651,396.006601339845
"457",2020-08-04,"B","Median",30.2471259427472,426.253727282592
"458",2020-08-05,"B","Median",31.8575646451933,458.111291927786
"459",2020-08-06,"B","Median",34.4077252858686,492.519017213654
"460",2020-08-07,"B","Median",36.3806851916455,528.8997024053
"461",2020-08-08,"B","Median",39.0294652129184,567.929167618218
"462",2020-08-09,"B","Median",41.1783450058834,609.107512624101
"463",2020-08-10,"B","Median",43.7772436159333,652.884756240035
"464",2020-08-11,"B","Median",46.6094911811975,699.494247421232
"465",2020-08-12,"B","Median",48.9783807508461,748.472628172078
"466",2020-08-13,"B","Median",51.6605560324197,800.133184204498
"467",2020-08-14,"B","Median",53.7914445081232,853.924628712621
"468",2020-08-15,"B","Median",56.5883161451024,910.512944857724
"469",2020-08-16,"B","Median",59.0153553643392,969.528300222063
"470",2020-08-17,"B","Median",61.2403821612482,1030.76868238331
"471",2020-08-18,"B","Median",63.0399579404876,1093.8086403238
"472",2020-08-19,"B","Median",65.2154350588111,1159.02407538261
"473",2020-08-20,"B","Median",66.2183887728189,1225.24246415543
"474",2020-08-21,"B","Median",67.6324564634797,1292.87492061891
"475",2020-08-22,"B","Median",68.0284126603124,1360.90333327922
"476",2020-08-23,"B","Median",68.6060086737572,1429.50934195298
"477",2020-08-24,"B","Median",69.0879752068869,1498.59731715987
"478",2020-08-25,"B","Median",68.9344239727244,1567.53174113259
"479",2020-08-26,"B","Median",69.0411632042381,1636.57290433683
"480",2020-08-27,"B","Median",68.5299990476232,1705.10290338445
"481",2020-08-28,"B","Median",68.178468277492,1773.28137166194
"482",2020-08-29,"B","Median",68.2150321566067,1841.49640381855
"483",2020-08-30,"B","Median",67.7289497443097,1909.22535356286
"484",2020-08-31,"B","Median",67.5196370424002,1976.74499060526
"485",2020-09-01,"B","Median",66.6072637847233,2043.35225438998
"486",2020-09-02,"B","Median",65.7805694108017,2109.13282380078
"487",2020-09-03,"B","Median",64.8395407154921,2173.97236451628
"488",2020-09-04,"B","Median",64.3175067917988,2238.28987130808
"489",2020-09-05,"B","Median",63.4777889464371,2301.76766025451
"490",2020-09-06,"B","Median",62.4300497358092,2364.19770999032
"491",2020-09-07,"B","Median",61.7426425751833,2425.9403525655
"492",2020-09-08,"B","Median",60.7265932533295,2486.66694581883
"493",2020-09-09,"B","Median",60.0663624769679,2546.7333082958
"494",2020-09-10,"B","Median",59.2502386722065,2605.98354696801
"495",2020-09-11,"B","Median",58.5701411500245,2664.55368811803
"496",2020-09-12,"B","Median",57.7934621712225,2722.34715028926
"497",2020-09-13,"B","Median",57.0927804986045,2779.43993078786
"498",2020-09-14,"B","Median",56.2251755821895,2835.66510637005
"499",2020-09-15,"B","Median",55.9087559565685,2891.57386232662
"500",2020-09-16,"B","Median",55.2289055854124,2946.80276791203
"501",2020-09-17,"B","Median",54.6115441033472,3001.41431201538
"502",2020-09-18,"B","Median",53.9719095309128,3055.38622154629
"503",2020-09-19,"B","Median",53.193364631832,3108.57958617812
"504",2020-09-20,"B","Median",52.7658123124465,3161.34539849057
"505",2020-09-21,"B","Median",52.2083670161096,3213.55376550668
"506",2020-09-22,"B","Median",51.7007311518929,3265.25449665857
"507",2020-09-23,"B","Median",50.8804030294874,3316.13489968806
"508",2020-09-24,"B","Median",50.3551904419758,3366.49009013003
"509",2020-09-25,"B","Median",50.0345555750662,3416.5246457051
"510",2020-09-26,"B","Median",49.1088985698342,3465.63354427494
"511",2020-09-27,"B","Median",48.7049715976333,3514.33851587257
"512",2020-09-28,"B","Median",47.9214487529783,3562.25996462555
"513",2020-09-29,"B","Median",47.3543946368748,3609.61435926242
"514",2020-09-30,"B","Median",46.7023994403652,3656.31675870279
"515",2020-10-01,"B","Median",46.451747867495,3702.76850657028
"516",2020-10-02,"B","Median",45.5952627181584,3748.36376928844
"517",2020-10-03,"B","Median",45.0571455019604,3793.4209147904
"518",2020-10-04,"B","Median",44.6108898478111,3838.03180463821
"519",2020-10-05,"B","Median",44.0178913398822,3882.04969597809
"520",2020-10-06,"B","Median",43.3888160659322,3925.43851204403
"521",2020-10-07,"B","Median",42.9528726476876,3968.39138469171
"522",2020-10-08,"B","Median",42.1254627249074,4010.51684741662
"523",2020-10-09,"B","Median",41.5947169165344,4052.11156433316
"524",2020-10-10,"B","Median",40.9429975461347,4093.05456187929
"525",2020-10-11,"B","Median",40.2415777713195,4133.29613965061
"526",2020-10-12,"B","Median",39.2877013870246,4172.58384103763
"527",2020-10-13,"B","Median",39.0510050221191,4211.63484605975
"528",2020-10-14,"B","Median",37.991090919357,4249.62593697911
"529",2020-10-15,"B","Median",37.278271611994,4286.90420859111
"530",2020-10-16,"B","Median",36.4392369011125,4323.34344549222
"531",2020-10-17,"B","Median",35.3505323582863,4358.6939778505
"532",2020-10-18,"B","Median",34.3522177774122,4393.04619562792
"533",2020-10-19,"B","Median",33.4653531281715,4426.51154875609
"534",2020-10-20,"B","Median",32.6920266917022,4459.20357544779
"535",2020-10-21,"B","Median",31.9259072351169,4491.12948268291
"536",2020-10-22,"B","Median",30.6393839391431,4521.76886662205
"537",2020-10-23,"B","Median",29.643726434185,4551.41259305623
"538",2020-10-24,"B","Median",28.6195892653269,4580.03218232156
"539",2020-10-25,"B","Median",27.2967521504088,4607.32893447197
"540",2020-10-26,"B","Median",26.3408120247486,4633.66974649672
"541",2020-10-27,"B","Median",25.2850928965625,4658.95483939328
"542",2020-10-28,"B","Median",23.8811408305972,4682.83598022388
"543",2020-10-29,"B","Median",23.3686790844213,4706.2046593083
"544",2020-10-30,"B","Median",22.1199710290148,4728.32463033731
"545",2020-10-31,"B","Median",21.2215664410863,4749.5461967784
"546",2020-11-01,"B","Median",20.3518085794577,4769.89800535786
"547",2020-11-02,"B","Median",19.3170889950849,4789.21509435294
"548",2020-11-03,"B","Median",18.6928749794089,4807.90796933235
"549",2020-11-04,"B","Median",17.6654983191202,4825.57346765147
"550",2020-11-05,"B","Median",16.9656975696795,4842.53916522115
"551",2020-11-06,"B","Median",15.991799247186,4858.53096446834
"552",2020-11-07,"B","Median",15.1425300057264,4873.67349447406
"553",2020-11-08,"B","Median",14.7877923980692,4888.46128687213
"554",2020-11-09,"B","Median",13.6420659469705,4902.1033528191
"555",2020-11-10,"B","Median",13.0498044919648,4915.15315731107
"556",2020-11-11,"B","Median",12.3180916709028,4927.47124898197
"557",2020-11-12,"B","Median",11.6265059112375,4939.09775489321
"558",2020-11-13,"B","Median",11.2591288367458,4950.35688372996
"559",2020-11-14,"B","Median",10.6221867007482,4960.9790704307
"560",2020-11-15,"B","Median",10.034143265498,4971.0132136962
"561",2020-11-16,"B","Median",9.56934923744325,4980.58256293364
"562",2020-11-17,"B","Median",8.88488083873841,4989.46744377238
"563",2020-11-18,"B","Median",8.65287355366072,4998.12031732604
"564",2020-11-19,"B","Median",8.03650814095799,5006.156825467
"565",2020-11-20,"B","Median",7.6591129236192,5013.81593839062
"566",2020-11-21,"B","Median",7.37604478940689,5021.19198318003
"567",2020-11-22,"B","Median",6.94341718740821,5028.13540036744
"568",2020-11-23,"B","Median",6.47050255801128,5034.60590292545
"569",2020-11-24,"B","Median",6.30899746485463,5040.9149003903
"570",2020-11-25,"B","Median",5.83343474359163,5046.74833513389
"571",2020-11-26,"B","Median",5.53197897463431,5052.28031410853
"572",2020-11-27,"B","Median",5.26708575161506,5057.54739986014
"573",2020-11-28,"B","Median",4.93906080273097,5062.48646066287
"574",2020-11-29,"B","Median",4.66801940400794,5067.15448006688
"575",2020-11-30,"B","Median",4.4682984282919,5071.62277849517
"576",2020-12-01,"B","Median",4.22611215276707,5075.84889064794
"577",2020-12-02,"B","Median",4.01780255595334,5079.86669320389
"578",2020-12-03,"B","Median",3.7928205142349,5083.65951371813
"579",2020-12-04,"B","Median",3.47101152928453,5087.13052524741
"580",2020-12-05,"B","Median",3.31809749573303,5090.44862274315
"581",2020-12-06,"B","Median",3.15718820802392,5093.60581095117
"582",2020-12-07,"B","Median",2.9767337344084,5096.58254468558
"583",2020-12-08,"B","Median",2.83193850249908,5099.41448318808
"584",2020-12-09,"B","Median",2.77010914689049,5102.18459233497
"585",2020-12-10,"B","Median",2.64086589382968,5104.8254582288
"586",2020-12-11,"B","Median",2.3734197178036,5107.1988779466
"587",2020-12-12,"B","Median",2.34081692560773,5109.53969487221
"588",2020-12-13,"B","Median",2.28098756999914,5111.82068244221
"589",2020-12-14,"B","Median",2.05866107967717,5113.87934352189
"590",2020-12-15,"B","Median",1.90590559511279,5115.785249117
"591",2020-12-16,"B","Median",1.90256037241583,5117.68780948941
"592",2020-12-17,"B","Median",1.62515627473702,5119.31296576415
"593",2020-12-18,"B","Median",1.6211568574876,5120.93412262164
"594",2020-12-19,"B","Median",1.50986861232662,5122.44399123397
"595",2020-12-20,"B","Median",1.45700125762484,5123.90099249159
"596",2020-12-21,"B","Median",1.32810322726099,5125.22909571885
"597",2020-12-22,"B","Median",1.32210555826332,5126.55120127711
"598",2020-12-23,"B","Median",1.19220752789947,5127.74340880501
"599",2020-12-24,"B","Median",1.1025894804786,5128.84599828549
"600",2020-12-25,"B","Median",1.05231415954028,5129.89831244503
"601",2020-03-01,"C","Median",0,0
"602",2020-03-02,"C","Median",0.018609785202864,0.018609785202864
"603",2020-03-03,"C","Median",0.026605123198202,0.0452149084010659
"604",2020-03-04,"C","Median",0.0234846120466646,0.0686995204477305
"605",2020-03-05,"C","Median",0.00536992840095465,0.0740694488486851
"606",2020-03-06,"C","Median",0.0132398568019093,0.0873093056505944
"607",2020-03-07,"C","Median",0.0260223726154514,0.113331678266046
"608",2020-03-08,"C","Median",0.0746560111012485,0.187987689367294
"609",2020-03-09,"C","Median",0,0.187987689367294
"610",2020-03-10,"C","Median",0.018609785202864,0.206597474570158
"611",2020-03-11,"C","Median",0.026605123198202,0.23320259776836
"612",2020-03-12,"C","Median",0.030602792195871,0.263805389964231
"613",2020-03-13,"C","Median",0,0.263805389964231
"614",2020-03-14,"C","Median",0.018609785202864,0.282415175167095
"615",2020-03-15,"C","Median",0.026605123198202,0.309020298365297
"616",2020-03-16,"C","Median",0.030602792195871,0.339623090561168
"617",2020-03-17,"C","Median",0,0.339623090561168
"618",2020-03-18,"C","Median",0.018609785202864,0.358232875764032
"619",2020-03-19,"C","Median",0.026605123198202,0.384837998962234
"620",2020-03-20,"C","Median",0.030602792195871,0.415440791158105
"621",2020-03-21,"C","Median",0.0502125773987349,0.46565336855684
"622",2020-03-22,"C","Median",0.0502125773987349,0.515865945955575
"623",2020-03-23,"C","Median",0.136893368359187,0.652759314314762
"624",2020-03-24,"C","Median",0.136893368359187,0.789652682673949
"625",2020-03-25,"C","Median",0.136893368359187,0.926546051033135
"626",2020-03-26,"C","Median",0.155503153562051,1.08204920459519
"627",2020-03-27,"C","Median",0.155503153562051,1.23755235815724
"628",2020-03-28,"C","Median",0.156503153562051,1.39405551171929
"629",2020-03-29,"C","Median",0.155503153562051,1.54955866528134
"630",2020-03-30,"C","Median",0.155503153562051,1.70506181884339
"631",2020-03-31,"C","Median",0.155503153562051,1.86056497240544
"632",2020-04-01,"C","Median",0.155503153562051,2.01606812596749
"633",2020-04-02,"C","Median",0.155503153562051,2.17157127952954
"634",2020-04-03,"C","Median",0.163498491557389,2.33506977108693
"635",2020-04-04,"C","Median",0.163498491557389,2.49856826264432
"636",2020-04-05,"C","Median",0.164498491557389,2.66306675420171
"637",2020-04-06,"C","Median",0.163748491557389,2.8268152457591
"638",2020-04-07,"C","Median",0.164498491557389,2.99131373731649
"639",2020-04-08,"C","Median",0.164498491557389,3.15581222887388
"640",2020-04-09,"C","Median",0.164498491557389,3.32031072043126
"641",2020-04-10,"C","Median",0.164498491557389,3.48480921198865
"642",2020-04-11,"C","Median",0.164498491557389,3.64930770354604
"643",2020-04-12,"C","Median",0.183108276760253,3.83241598030629
"644",2020-04-13,"C","Median",0.183108276760253,4.01552425706655
"645",2020-04-14,"C","Median",0.183108276760253,4.1986325338268
"646",2020-04-15,"C","Median",0.191103614755591,4.38973614858239
"647",2020-04-16,"C","Median",0.191103614755591,4.58083976333798
"648",2020-04-17,"C","Median",0.172493829552727,4.75333359289071
"649",2020-04-18,"C","Median",0.172493829552727,4.92582742244344
"650",2020-04-19,"C","Median",0.172493829552727,5.09832125199616
"651",2020-04-20,"C","Median",0.172493829552727,5.27081508154889
"652",2020-04-21,"C","Median",0.172493829552727,5.44330891110162
"653",2020-04-22,"C","Median",0.172493829552727,5.61580274065434
"654",2020-04-23,"C","Median",0.172493829552727,5.78829657020707
"655",2020-04-24,"C","Median",0.172493829552727,5.9607903997598
"656",2020-04-25,"C","Median",0.172493829552727,6.13328422931252
"657",2020-04-26,"C","Median",0.176491498550396,6.30977572786292
"658",2020-04-27,"C","Median",0.176491498550396,6.48626722641332
"659",2020-04-28,"C","Median",0.176491498550396,6.66275872496371
"660",2020-04-29,"C","Median",0.19510128375326,6.85786000871697
"661",2020-04-30,"C","Median",0.19510128375326,7.05296129247023
"662",2020-05-01,"C","Median",0.19510128375326,7.24806257622349
"663",2020-05-02,"C","Median",0.199098952750929,7.44716152897442
"664",2020-05-03,"C","Median",0.199098952750929,7.64626048172535
"665",2020-05-04,"C","Median",0.199098952750929,7.84535943447628
"666",2020-05-05,"C","Median",0.199098952750929,8.04445838722721
"667",2020-05-06,"C","Median",0.199098952750929,8.24355733997813
"668",2020-05-07,"C","Median",0.221956406951462,8.4655137469296
"669",2020-05-08,"C","Median",0.221956406951462,8.68747015388106
"670",2020-05-09,"C","Median",0.222706406951462,8.91017656083252
"671",2020-05-10,"C","Median",0.226704075949131,9.13688063678165
"672",2020-05-11,"C","Median",0.226704075949131,9.36358471273078
"673",2020-05-12,"C","Median",0.226704075949131,9.59028878867991
"674",2020-05-13,"C","Median",0.246313861151995,9.83660264983191
"675",2020-05-14,"C","Median",0.250966307452711,10.0875689572846
"676",2020-05-15,"C","Median",0.359599775310649,10.4471687325953
"677",2020-05-16,"C","Median",0.379209560513513,10.8263782931088
"678",2020-05-17,"C","Median",0.379209560513513,11.2055878536223
"679",2020-05-18,"C","Median",0.398819345716377,11.6044071993387
"680",2020-05-19,"C","Median",0.402817014714046,12.0072242140527
"681",2020-05-20,"C","Median",0.42142679991691,12.4286510139696
"682",2020-05-21,"C","Median",0.531715045077894,12.9603660590475
"683",2020-05-22,"C","Median",0.554322499278427,13.5146885583259
"684",2020-05-23,"C","Median",0.558320168276096,14.073008726602
"685",2020-05-24,"C","Median",0.57792995347896,14.650938680081
"686",2020-05-25,"C","Median",0.596539738681824,15.2474784187628
"687",2020-05-26,"C","Median",0.710825652840478,15.9583040716033
"688",2020-05-27,"C","Median",0.73843077603868,16.696734847642
"689",2020-05-28,"C","Median",0.757290561241544,17.4540254088835
"690",2020-05-29,"C","Median",0.795510131647272,18.2495355405308
"691",2020-05-30,"C","Median",0.826862923843143,19.0763984643739
"692",2020-05-31,"C","Median",0.936401169004128,20.0127996333781
"693",2020-06-01,"C","Median",0.96475629220233,20.9775559255804
"694",2020-06-02,"C","Median",1.09065607081793,22.0682119963983
"695",2020-06-03,"C","Median",1.12125944576438,23.1894714421627
"696",2020-06-04,"C","Median",1.1644761024172,24.3539475445799
"697",2020-06-05,"C","Median",1.29802657908176,25.6519741236617
"698",2020-06-06,"C","Median",1.34058904118211,26.9925631648438
"699",2020-06-07,"C","Median",1.37119241612856,28.3637555809723
"700",2020-06-08,"C","Median",1.54995780119419,29.9137133821665
"701",2020-06-09,"C","Median",1.65359534830621,31.5673087304727
"702",2020-06-10,"C","Median",1.81209675361651,33.3794054840893
"703",2020-06-11,"C","Median",1.9131433486285,35.2925488327178
"704",2020-06-12,"C","Median",2.09915407168947,37.3917029044072
"705",2020-06-13,"C","Median",2.25340955625385,39.6451124606611
"706",2020-06-14,"C","Median",2.30861980265026,41.9537322633113
"707",2020-06-15,"C","Median",2.48108029511446,44.4348125584258
"708",2020-06-16,"C","Median",2.69641047328277,47.1312230317086
"709",2020-06-17,"C","Median",2.94524686410599,50.0764698958146
"710",2020-06-18,"C","Median",3.07130654855271,53.1477764443673
"711",2020-06-19,"C","Median",3.36429685248916,56.5120732968564
"712",2020-06-20,"C","Median",3.57522516710734,60.0872984639638
"713",2020-06-21,"C","Median",3.73747598966706,63.8247744536308
"714",2020-06-22,"C","Median",3.98902806924343,67.8138025228743
"715",2020-06-23,"C","Median",4.24395870860528,72.0577612314795
"716",2020-06-24,"C","Median",4.69163460160614,76.7493958330857
"717",2020-06-25,"C","Median",4.95927122302613,81.7086670561118
"718",2020-06-26,"C","Median",5.02815885151248,86.7368259076243
"719",2020-06-27,"C","Median",5.6637223953352,92.4005483029595
"720",2020-06-28,"C","Median",5.93594777774745,98.336496080707
"721",2020-06-29,"C","Median",6.32961129688678,104.666107377594
"722",2020-06-30,"C","Median",6.75137386892735,111.417481246521
"723",2020-07-01,"C","Median",6.94472612683893,118.36220737336
"724",2020-07-02,"C","Median",7.12059042244785,125.482797795808
"725",2020-07-03,"C","Median",7.43459672957195,132.91739452538
"726",2020-07-04,"C","Median",7.86616419421395,140.783558719594
"727",2020-07-05,"C","Median",8.02179823856382,148.805356958158
"728",2020-07-06,"C","Median",8.46629721599814,157.271654174156
"729",2020-07-07,"C","Median",9.04487307895744,166.316527253113
"730",2020-07-08,"C","Median",9.1167324664939,175.433259719607
"731",2020-07-09,"C","Median",9.69745883615932,185.130718555766
"732",2020-07-10,"C","Median",10.0799440314398,195.210662587206
"733",2020-07-11,"C","Median",10.5088003531062,205.719462940312
"734",2020-07-12,"C","Median",10.8434733938563,216.562936334169
"735",2020-07-13,"C","Median",11.4590194938097,228.021955827978
"736",2020-07-14,"C","Median",11.849783671744,239.871739499722
"737",2020-07-15,"C","Median",12.2994626698406,252.171202169563
"738",2020-07-16,"C","Median",12.7187609099721,264.889963079535
"739",2020-07-17,"C","Median",13.3864894067797,278.276452486315
"740",2020-07-18,"C","Median",15.5850102496188,293.861462735934
"741",2020-07-19,"C","Median",17.2404996325897,311.101962368523
"742",2020-07-20,"C","Median",19.0805447892419,330.182507157765
"743",2020-07-21,"C","Median",20.9878627959355,351.170369953701
"744",2020-07-22,"C","Median",22.6432899857279,373.813659939429
"745",2020-07-23,"C","Median",24.3667563687088,398.180416308137
"746",2020-07-24,"C","Median",26.3864809469601,424.566897255098
"747",2020-07-25,"C","Median",28.3658737871523,452.93277104225
"748",2020-07-26,"C","Median",29.7016899807563,482.634461023006
"749",2020-07-27,"C","Median",32.0655432551871,514.700004278193
"750",2020-07-28,"C","Median",34.1980645637364,548.89806884193
"751",2020-07-29,"C","Median",36.3714687611884,585.269537603118
"752",2020-07-30,"C","Median",38.8052179255102,624.074755528628
"753",2020-07-31,"C","Median",40.746201416491,664.820956945119
"754",2020-08-01,"C","Median",43.3431207921665,708.164077737286
"755",2020-08-02,"C","Median",45.5758987055917,753.739976442877
"756",2020-08-03,"C","Median",48.2666675865597,802.006644029437
"757",2020-08-04,"C","Median",50.1269133572157,852.133557386653
"758",2020-08-05,"C","Median",52.4176048256703,904.551162212323
"759",2020-08-06,"C","Median",54.8965378686397,959.447700080963
"760",2020-08-07,"C","Median",56.744046907273,1016.19174698824
"761",2020-08-08,"C","Median",58.2994037508242,1074.49115073906
"762",2020-08-09,"C","Median",60.1635662891458,1134.65471702821
"763",2020-08-10,"C","Median",61.5035672168652,1196.15828424507
"764",2020-08-11,"C","Median",62.7940213195815,1258.95230556465
"765",2020-08-12,"C","Median",63.6330368146746,1322.58534237933
"766",2020-08-13,"C","Median",64.046160278899,1386.63150265823
"767",2020-08-14,"C","Median",64.1013913233103,1450.73289398154
"768",2020-08-15,"C","Median",64.6938685185175,1515.42676250005
"769",2020-08-16,"C","Median",64.9859282514305,1580.41269075148
"770",2020-08-17,"C","Median",64.5706399607852,1644.98333071227
"771",2020-08-18,"C","Median",64.9207036853193,1709.90403439759
"772",2020-08-19,"C","Median",64.6939801847947,1774.59801458238
"773",2020-08-20,"C","Median",64.7432478548598,1839.34126243724
"774",2020-08-21,"C","Median",64.7604397243399,1904.10170216158
"775",2020-08-22,"C","Median",64.2057949827652,1968.30749714435
"776",2020-08-23,"C","Median",64.0774975551396,2032.38499469949
"777",2020-08-24,"C","Median",63.4434046048658,2095.82839930435
"778",2020-08-25,"C","Median",63.0619566345851,2158.89035593894
"779",2020-08-26,"C","Median",62.6422642332251,2221.53262017216
"780",2020-08-27,"C","Median",61.5033558969852,2283.03597606915
"781",2020-08-28,"C","Median",61.1203358077072,2344.15631187686
"782",2020-08-29,"C","Median",60.2856361375821,2404.44194801444
"783",2020-08-30,"C","Median",59.8931607930047,2464.33510880744
"784",2020-08-31,"C","Median",58.9875270267585,2523.3226358342
"785",2020-09-01,"C","Median",58.3458662368065,2581.66850207101
"786",2020-09-02,"C","Median",57.6138397818842,2639.28234185289
"787",2020-09-03,"C","Median",57.2180109768725,2696.50035282977
"788",2020-09-04,"C","Median",56.6684656796068,2753.16881850937
"789",2020-09-05,"C","Median",56.0536313892174,2809.22244989859
"790",2020-09-06,"C","Median",55.607939136474,2864.83038903506
"791",2020-09-07,"C","Median",54.7640729564551,2919.59446199152
"792",2020-09-08,"C","Median",54.1479955428456,2973.74245753436
"793",2020-09-09,"C","Median",53.5810498551009,3027.32350738946
"794",2020-09-10,"C","Median",52.6802624770528,3080.00376986652
"795",2020-09-11,"C","Median",52.3458841556856,3132.3496540222
"796",2020-09-12,"C","Median",51.8480552398921,3184.1977092621
"797",2020-09-13,"C","Median",50.7983521638785,3234.99606142597
"798",2020-09-14,"C","Median",50.1830834145544,3285.17914484053
"799",2020-09-15,"C","Median",49.1459333429959,3334.32507818352
"800",2020-09-16,"C","Median",48.7864856225783,3383.1115638061
"801",2020-09-17,"C","Median",48.3702651874052,3431.48182899351
"802",2020-09-18,"C","Median",47.4576079260515,3478.93943691956
"803",2020-09-19,"C","Median",46.7203694187741,3525.65980633833
"804",2020-09-20,"C","Median",46.1281623898464,3571.78796872818
"805",2020-09-21,"C","Median",45.0894446185043,3616.87741334668
"806",2020-09-22,"C","Median",44.6283890002168,3661.5058023469
"807",2020-09-23,"C","Median",44.1181597777821,3705.62396212468
"808",2020-09-24,"C","Median",43.7789157084202,3749.4028778331
"809",2020-09-25,"C","Median",43.4372059503052,3792.84008378341
"810",2020-09-26,"C","Median",42.8265481326263,3835.66663191603
"811",2020-09-27,"C","Median",42.2632061527156,3877.92983806875
"812",2020-09-28,"C","Median",41.7824194576273,3919.71225752638
"813",2020-09-29,"C","Median",40.9376466445485,3960.64990417093
"814",2020-09-30,"C","Median",40.0972684268323,4000.74717259776
"815",2020-10-01,"C","Median",39.5064207655689,4040.25359336333
"816",2020-10-02,"C","Median",38.7213188429493,4078.97491220628
"817",2020-10-03,"C","Median",37.8288663143148,4116.80377852059
"818",2020-10-04,"C","Median",37.2209345540639,4154.02471307466
"819",2020-10-05,"C","Median",36.063441959883,4190.08815503454
"820",2020-10-06,"C","Median",35.0042715630917,4225.09242659763
"821",2020-10-07,"C","Median",33.800538341905,4258.89296493953
"822",2020-10-08,"C","Median",33.1390537701919,4292.03201870973
"823",2020-10-09,"C","Median",31.8981471947211,4323.93016590445
"824",2020-10-10,"C","Median",30.7641013660941,4354.69426727054
"825",2020-10-11,"C","Median",29.4688683487676,4384.16313561931
"826",2020-10-12,"C","Median",28.4715142442809,4412.63464986359
"827",2020-10-13,"C","Median",27.1671589611981,4439.80180882479
"828",2020-10-14,"C","Median",26.0510946846174,4465.85290350941
"829",2020-10-15,"C","Median",25.0392889848966,4490.8921924943
"830",2020-10-16,"C","Median",24.3395081265548,4515.23170062086
"831",2020-10-17,"C","Median",22.9128888604401,4538.1445894813
"832",2020-10-18,"C","Median",21.9081372468379,4560.05272672813
"833",2020-10-19,"C","Median",20.8229173935432,4580.87564412168
"834",2020-10-20,"C","Median",20.2409618052972,4601.11660592698
"835",2020-10-21,"C","Median",19.2575062592,4620.37411218618
"836",2020-10-22,"C","Median",18.2697235747327,4638.64383576091
"837",2020-10-23,"C","Median",17.1707320306391,4655.81456779155
"838",2020-10-24,"C","Median",16.4541644715279,4672.26873226308
"839",2020-10-25,"C","Median",15.601135779495,4687.86986804257
"840",2020-10-26,"C","Median",14.8776043873875,4702.74747242996
"841",2020-10-27,"C","Median",14.1149794108663,4716.86245184082
"842",2020-10-28,"C","Median",13.236138690867,4730.09859053169
"843",2020-10-29,"C","Median",12.4781934274381,4742.57678395913
"844",2020-10-30,"C","Median",12.1773594253241,4754.75414338445
"845",2020-10-31,"C","Median",11.4520768162672,4766.20622020072
"846",2020-11-01,"C","Median",11.0313677799841,4777.23758798071
"847",2020-11-02,"C","Median",10.2046731545493,4787.44226113525
"848",2020-11-03,"C","Median",9.61416111679301,4797.05642225205
"849",2020-11-04,"C","Median",9.40428750343342,4806.46070975548
"850",2020-11-05,"C","Median",8.70704996405574,4815.16775971954
"851",2020-11-06,"C","Median",8.3003381215248,4823.46809784106
"852",2020-11-07,"C","Median",8.08112103372,4831.54921887478
"853",2020-11-08,"C","Median",7.40933869358498,4838.95855756837
"854",2020-11-09,"C","Median",6.93452111897447,4845.89307868734
"855",2020-11-10,"C","Median",6.67787035258709,4852.57094903993
"856",2020-11-11,"C","Median",6.21270455768898,4858.78365359762
"857",2020-11-12,"C","Median",5.89950691485038,4864.68316051247
"858",2020-11-13,"C","Median",5.61865918284418,4870.30181969531
"859",2020-11-14,"C","Median",5.30274953909877,4875.60456923441
"860",2020-11-15,"C","Median",4.99267815743275,4880.59724739184
"861",2020-11-16,"C","Median",4.83944683456418,4885.43669422641
"862",2020-11-17,"C","Median",4.53337370464642,4889.97006793105
"863",2020-11-18,"C","Median",4.45899178743873,4894.42905971849
"864",2020-11-19,"C","Median",4.08612356171093,4898.5151832802
"865",2020-11-20,"C","Median",3.79310618232576,4902.30828946253
"866",2020-11-21,"C","Median",3.66291957011814,4905.97120903265
"867",2020-11-22,"C","Median",3.42198387734389,4909.39319290999
"868",2020-11-23,"C","Median",3.21867059268382,4912.61186350267
"869",2020-11-24,"C","Median",3.08243227680825,4915.69429577948
"870",2020-11-25,"C","Median",2.87943539114466,4918.57373117063
"871",2020-11-26,"C","Median",2.75515413899067,4921.32888530962
"872",2020-11-27,"C","Median",2.51321786346584,4923.84210317308
"873",2020-11-28,"C","Median",2.56067850126998,4926.40278167435
"874",2020-11-29,"C","Median",2.302597355202,4928.70537902956
"875",2020-11-30,"C","Median",2.18855911004102,4930.8939381396
"876",2020-12-01,"C","Median",2.05841107967717,4932.95234921927
"877",2020-12-02,"C","Median",1.92676304931332,4934.87911226859
"878",2020-12-03,"C","Median",1.88129755816167,4936.76040982675
"879",2020-12-04,"C","Median",1.74565244155074,4938.5060622683
"880",2020-12-05,"C","Median",1.61350615943864,4940.11956842774
"881",2020-12-06,"C","Median",1.59189695698635,4941.71146538472
"882",2020-12-07,"C","Median",1.45600125762484,4943.16746664235
"883",2020-12-08,"C","Median",1.43704624972502,4944.60451289207
"884",2020-12-09,"C","Median",1.32675800456403,4945.93127089664
"885",2020-12-10,"C","Median",1.21081731310233,4947.14208820974
"886",2020-12-11,"C","Median",1.18820927615122,4948.33029748589
"887",2020-12-12,"C","Median",1.14799028849607,4949.47828777439
"888",2020-12-13,"C","Median",1.03435856888988,4950.51264634328
"889",2020-12-14,"C","Median",1.1133874963002,4951.62603383958
"890",2020-12-15,"C","Median",1.00309925113922,4952.62913309072
"891",2020-12-16,"C","Median",0.878853667076084,4953.50798675779
"892",2020-12-17,"C","Median",0.853591435572504,4954.36157819337
"893",2020-12-18,"C","Median",0.761912975614383,4955.12349116898
"894",2020-12-19,"C","Median",0.741303190411519,4955.86479435939
"895",2020-12-20,"C","Median",0.719695736210986,4956.5844900956
"896",2020-12-21,"C","Median",0.608407491050001,4957.19289758665
"897",2020-12-22,"C","Median",0.589797705847137,4957.7826952925
"898",2020-12-23,"C","Median",0.583800036849468,4958.36649532935
"899",2020-12-24,"C","Median",0.582800036849468,4958.9492953662
"900",2020-12-25,"C","Median",0.560192582648936,4959.50948794885
"901",2020-03-01,"D","Median",0,0
"902",2020-03-02,"D","Median",0.018609785202864,0.018609785202864
"903",2020-03-03,"D","Median",0.030602792195871,0.0492125773987349
"904",2020-03-04,"D","Median",0.0234846120466646,0.0726971894453995
"905",2020-03-05,"D","Median",0.00536992840095465,0.0780671178463541
"906",2020-03-06,"D","Median",0.0132398568019093,0.0913069746482634
"907",2020-03-07,"D","Median",0.0288545404476192,0.120161515095883
"908",2020-03-08,"D","Median",0.0746560111012485,0.194817526197131
"909",2020-03-09,"D","Median",0,0.194817526197131
"910",2020-03-10,"D","Median",0.018609785202864,0.213427311399995
"911",2020-03-11,"D","Median",0.030602792195871,0.244030103595866
"912",2020-03-12,"D","Median",0.030602792195871,0.274632895791737
"913",2020-03-13,"D","Median",0,0.274632895791737
"914",2020-03-14,"D","Median",0.018609785202864,0.293242680994601
"915",2020-03-15,"D","Median",0.030602792195871,0.323845473190472
"916",2020-03-16,"D","Median",0.030602792195871,0.354448265386343
"917",2020-03-17,"D","Median",0,0.354448265386343
"918",2020-03-18,"D","Median",0.018609785202864,0.373058050589207
"919",2020-03-19,"D","Median",0.030602792195871,0.403660842785078
"920",2020-03-20,"D","Median",0.030602792195871,0.434263634980949
"921",2020-03-21,"D","Median",0.0502125773987349,0.484476212379684
"922",2020-03-22,"D","Median",0.0502125773987349,0.534688789778418
"923",2020-03-23,"D","Median",0.136893368359187,0.671582158137605
"924",2020-03-24,"D","Median",0.136893368359187,0.808475526496792
"925",2020-03-25,"D","Median",0.136893368359187,0.945368894855979
"926",2020-03-26,"D","Median",0.155503153562051,1.10087204841803
"927",2020-03-27,"D","Median",0.155503153562051,1.25637520198008
"928",2020-03-28,"D","Median",0.156503153562051,1.41287835554213
"929",2020-03-29,"D","Median",0.155503153562051,1.56838150910418
"930",2020-03-30,"D","Median",0.155503153562051,1.72388466266623
"931",2020-03-31,"D","Median",0.155503153562051,1.87938781622828
"932",2020-04-01,"D","Median",0.155503153562051,2.03489096979034
"933",2020-04-02,"D","Median",0.155503153562051,2.19039412335239
"934",2020-04-03,"D","Median",0.163498491557389,2.35389261490977
"935",2020-04-04,"D","Median",0.164498491557389,2.51839110646716
"936",2020-04-05,"D","Median",0.164498491557389,2.68288959802455
"937",2020-04-06,"D","Median",0.164498491557389,2.84738808958194
"938",2020-04-07,"D","Median",0.164498491557389,3.01188658113933
"939",2020-04-08,"D","Median",0.164498491557389,3.17638507269672
"940",2020-04-09,"D","Median",0.164498491557389,3.34088356425411
"941",2020-04-10,"D","Median",0.169150937858105,3.51003450211221
"942",2020-04-11,"D","Median",0.164498491557389,3.6745329936696
"943",2020-04-12,"D","Median",0.183108276760253,3.85764127042985
"944",2020-04-13,"D","Median",0.183108276760253,4.04074954719011
"945",2020-04-14,"D","Median",0.183108276760253,4.22385782395036
"946",2020-04-15,"D","Median",0.191103614755591,4.41496143870595
"947",2020-04-16,"D","Median",0.172493829552727,4.58745526825868
"948",2020-04-17,"D","Median",0.172493829552727,4.7599490978114
"949",2020-04-18,"D","Median",0.172493829552727,4.93244292736413
"950",2020-04-19,"D","Median",0.172493829552727,5.10493675691686
"951",2020-04-20,"D","Median",0.172493829552727,5.27743058646958
"952",2020-04-21,"D","Median",0.172493829552727,5.44992441602231
"953",2020-04-22,"D","Median",0.172493829552727,5.62241824557504
"954",2020-04-23,"D","Median",0.172493829552727,5.79491207512777
"955",2020-04-24,"D","Median",0.172493829552727,5.96740590468049
"956",2020-04-25,"D","Median",0.172493829552727,6.13989973423322
"957",2020-04-26,"D","Median",0.172493829552727,6.31239356378595
"958",2020-04-27,"D","Median",0.176491498550396,6.48888506233634
"959",2020-04-28,"D","Median",0.176491498550396,6.66537656088674
"960",2020-04-29,"D","Median",0.180489167548065,6.8458657284348
"961",2020-04-30,"D","Median",0.180489167548065,7.02635489598287
"962",2020-05-01,"D","Median",0.19510128375326,7.22145617973613
"963",2020-05-02,"D","Median",0.199098952750929,7.42055513248706
"964",2020-05-03,"D","Median",0.199098952750929,7.61965408523799
"965",2020-05-04,"D","Median",0.199098952750929,7.81875303798891
"966",2020-05-05,"D","Median",0.203096621748598,8.02184965973751
"967",2020-05-06,"D","Median",0.218708737953793,8.2405583976913
"968",2020-05-07,"D","Median",0.203096621748598,8.4436550194399
"969",2020-05-08,"D","Median",0.203096621748598,8.6467516411885
"970",2020-05-09,"D","Median",0.208749068049314,8.85550070923781
"971",2020-05-10,"D","Median",0.222706406951462,9.07820711618928
"972",2020-05-11,"D","Median",0.222706406951462,9.30091352314074
"973",2020-05-12,"D","Median",0.226704075949131,9.52761759908987
"974",2020-05-13,"D","Median",0.264923646354859,9.79254124544473
"975",2020-05-14,"D","Median",0.393821676718708,10.1863629221634
"976",2020-05-15,"D","Median",0.435101659661684,10.6214645818251
"977",2020-05-16,"D","Median",0.532369822380941,11.1538344042061
"978",2020-05-17,"D","Median",0.565936946485953,11.719771350692
"979",2020-05-18,"D","Median",0.698832645847471,12.4186039965395
"980",2020-05-19,"D","Median",0.737052216253199,13.1556562127927
"981",2020-05-20,"D","Median",0.784267124654265,13.9399233374469
"982",2020-05-21,"D","Median",0.898553038812919,14.8384763762599
"983",2020-05-22,"D","Median",0.955382394421511,15.7938587706814
"984",2020-05-23,"D","Median",1.09327518003012,16.8871339507115
"985",2020-05-24,"D","Median",1.15810045638463,18.0452344070961
"986",2020-05-25,"D","Median",1.29599382474381,19.3412282318399
"987",2020-05-26,"D","Median",1.45315175560891,20.7943799874488
"988",2020-05-27,"D","Median",1.51532400291213,22.309703990361
"989",2020-05-28,"D","Median",1.70504905788224,24.0147530482432
"990",2020-05-29,"D","Median",1.88515966564482,25.899912713888
"991",2020-05-30,"D","Median",2.09187539660561,27.9917881104936
"992",2020-05-31,"D","Median",2.35832157263169,30.3501096831253
"993",2020-06-01,"D","Median",2.47657317554349,32.8266828586688
"994",2020-06-02,"D","Median",2.79498192896831,35.6216647876371
"995",2020-06-03,"D","Median",2.97909020572856,38.6007549933657
"996",2020-06-04,"D","Median",3.33727750141462,41.9380324947803
"997",2020-06-05,"D","Median",3.72010617114032,45.6581386659206
"998",2020-06-06,"D","Median",4.03077016932038,49.688908835241
"999",2020-06-07,"D","Median",4.45013115299139,54.1390399882324
"1000",2020-06-08,"D","Median",4.85622061353894,58.9952606017713
"1001",2020-06-09,"D","Median",5.27033451096286,64.2655951127342
"1002",2020-06-10,"D","Median",5.81922036892089,70.0848154816551
"1003",2020-06-11,"D","Median",6.47445896383123,76.5592744454863
"1004",2020-06-12,"D","Median",6.99018391566903,83.5494583611554
"1005",2020-06-13,"D","Median",7.80158102419505,91.3510393853504
"1006",2020-06-14,"D","Median",8.52897677967233,99.8800161650227
"1007",2020-06-15,"D","Median",9.27364635688597,109.153662521909
"1008",2020-06-16,"D","Median",10.0837965705078,119.237459092416
"1009",2020-06-17,"D","Median",11.1692905531088,130.406749645525
"1010",2020-06-18,"D","Median",12.102155811231,142.508905456756
"1011",2020-06-19,"D","Median",13.2008593798988,155.709764836655
"1012",2020-06-20,"D","Median",14.24602011898,169.955784955635
"1013",2020-06-21,"D","Median",15.5272638171599,185.483048772795
"1014",2020-06-22,"D","Median",17.1130498819624,202.596098654757
"1015",2020-06-23,"D","Median",18.5178578427559,221.113956497513
"1016",2020-06-24,"D","Median",19.9169919370218,241.030948434535
"1017",2020-06-25,"D","Median",21.7043069237893,262.735255358324
"1018",2020-06-26,"D","Median",23.0342899838421,285.769545342166
"1019",2020-06-27,"D","Median",25.4077961150401,311.177341457207
"1020",2020-06-28,"D","Median",27.6298108742518,338.807152331458
"1021",2020-06-29,"D","Median",29.7223900705298,368.529542401988
"1022",2020-06-30,"D","Median",31.798393881298,400.327936283286
"1023",2020-07-01,"D","Median",33.7925398970931,434.120476180379
"1024",2020-07-02,"D","Median",36.5429787694776,470.663454949857
"1025",2020-07-03,"D","Median",39.1530557033864,509.816510653243
"1026",2020-07-04,"D","Median",41.7774401875278,551.593950840771
"1027",2020-07-05,"D","Median",43.954350371439,595.54830121221
"1028",2020-07-06,"D","Median",46.8369121985036,642.385213410714
"1029",2020-07-07,"D","Median",49.3419966210555,691.727210031769
"1030",2020-07-08,"D","Median",51.7842443359736,743.511454367743
"1031",2020-07-09,"D","Median",54.3897230425229,797.901177410266
"1032",2020-07-10,"D","Median",57.3394326958083,855.240610106074
"1033",2020-07-11,"D","Median",59.718921817271,914.959531923345
"1034",2020-07-12,"D","Median",61.7409858484203,976.700517771765
"1035",2020-07-13,"D","Median",64.3617163380742,1041.06223410984
"1036",2020-07-14,"D","Median",66.2842610410031,1107.34649515084
"1037",2020-07-15,"D","Median",68.0551642400519,1175.40165939089
"1038",2020-07-16,"D","Median",69.4149460102954,1244.81660540119
"1039",2020-07-17,"D","Median",70.8237073162248,1315.64031271741
"1040",2020-07-18,"D","Median",71.0389530529827,1386.6792657704
"1041",2020-07-19,"D","Median",71.2613313664647,1457.94059713686
"1042",2020-07-20,"D","Median",71.335784512349,1529.27638164921
"1043",2020-07-21,"D","Median",71.0142795549969,1600.29066120421
"1044",2020-07-22,"D","Median",70.8327384276592,1671.12339963187
"1045",2020-07-23,"D","Median",70.3663481836903,1741.48974781556
"1046",2020-07-24,"D","Median",69.9060461457441,1811.3957939613
"1047",2020-07-25,"D","Median",69.1673712399375,1880.56316520124
"1048",2020-07-26,"D","Median",68.4825314848558,1949.04569668609
"1049",2020-07-27,"D","Median",67.9838542412696,2017.02955092736
"1050",2020-07-28,"D","Median",67.1532567868484,2084.18280771421
"1051",2020-07-29,"D","Median",66.5125940573019,2150.69540177151
"1052",2020-07-30,"D","Median",66.2640543254562,2216.95945609697
"1053",2020-07-31,"D","Median",64.954057603555,2281.91351370053
"1054",2020-08-01,"D","Median",63.8735685257497,2345.78708222628
"1055",2020-08-02,"D","Median",63.5322034075811,2409.31928563386
"1056",2020-08-03,"D","Median",62.5323614760777,2471.85164710993
"1057",2020-08-04,"D","Median",61.8295363412089,2533.68118345114
"1058",2020-08-05,"D","Median",60.6363502455233,2594.31753369667
"1059",2020-08-06,"D","Median",59.6384418311857,2653.95597552785
"1060",2020-08-07,"D","Median",59.0115439393256,2712.96751946718
"1061",2020-08-08,"D","Median",57.7699505224695,2770.73746998965
"1062",2020-08-09,"D","Median",56.9974895310335,2827.73495952068
"1063",2020-08-10,"D","Median",56.1194869656085,2883.85444648629
"1064",2020-08-11,"D","Median",55.4456522386217,2939.30009872491
"1065",2020-08-12,"D","Median",54.8484827098744,2994.14858143479
"1066",2020-08-13,"D","Median",53.8461095722199,3047.994691007
"1067",2020-08-14,"D","Median",53.1135563818084,3101.10824738881
"1068",2020-08-15,"D","Median",52.8085638630968,3153.91681125191
"1069",2020-08-16,"D","Median",51.9004929566173,3205.81730420853
"1070",2020-08-17,"D","Median",51.2878409016654,3257.10514511019
"1071",2020-08-18,"D","Median",50.6433433741535,3307.74848848435
"1072",2020-08-19,"D","Median",49.7933851603711,3357.54187364472
"1073",2020-08-20,"D","Median",49.3895617354006,3406.93143538012
"1074",2020-08-21,"D","Median",48.4154479154968,3455.34688329562
"1075",2020-08-22,"D","Median",47.6591153439518,3503.00599863957
"1076",2020-08-23,"D","Median",47.0837742029134,3550.08977284248
"1077",2020-08-24,"D","Median",46.6848206612485,3596.77459350373
"1078",2020-08-25,"D","Median",45.9095147546856,3642.68410825841
"1079",2020-08-26,"D","Median",44.997361572586,3687.681469831
"1080",2020-08-27,"D","Median",44.5909167721799,3732.27238660318
"1081",2020-08-28,"D","Median",43.9841727349128,3776.25655933809
"1082",2020-08-29,"D","Median",43.6958856155087,3819.9524449536
"1083",2020-08-30,"D","Median",43.0495386507597,3863.00198360436
"1084",2020-08-31,"D","Median",42.4316158231104,3905.43359942747
"1085",2020-09-01,"D","Median",42.0322977267329,3947.4658971542
"1086",2020-09-02,"D","Median",41.6372527016657,3989.10314985587
"1087",2020-09-03,"D","Median",40.8957382931629,4029.99888814903
"1088",2020-09-04,"D","Median",39.7868961155917,4069.78578426462
"1089",2020-09-05,"D","Median",39.2848435011535,4109.07062776578
"1090",2020-09-06,"D","Median",38.5026825228407,4147.57331028862
"1091",2020-09-07,"D","Median",37.6835438994517,4185.25685418807
"1092",2020-09-08,"D","Median",36.710994962747,4221.96784915082
"1093",2020-09-09,"D","Median",35.7296002529841,4257.6974494038
"1094",2020-09-10,"D","Median",34.3362088510693,4292.03365825487
"1095",2020-09-11,"D","Median",33.5052353782667,4325.53889363314
"1096",2020-09-12,"D","Median",32.6258278441958,4358.16472147733
"1097",2020-09-13,"D","Median",31.3299057383194,4389.49462721565
"1098",2020-09-14,"D","Median",30.0797395889761,4419.57436680463
"1099",2020-09-15,"D","Median",28.9126775982081,4448.48704440284
"1100",2020-09-16,"D","Median",27.8000468387932,4476.28709124163
"1101",2020-09-17,"D","Median",26.4959475421697,4502.7830387838
"1102",2020-09-18,"D","Median",25.4106612898785,4528.19370007368
"1103",2020-09-19,"D","Median",24.2541598191528,4552.44785989283
"1104",2020-09-20,"D","Median",23.1489278181923,4575.59678771102
"1105",2020-09-21,"D","Median",22.3444607817768,4597.9412484928
"1106",2020-09-22,"D","Median",21.0230178517547,4618.96426634456
"1107",2020-09-23,"D","Median",20.1462625639196,4639.11052890848
"1108",2020-09-24,"D","Median",19.539010824331,4658.64953973281
"1109",2020-09-25,"D","Median",18.5778522123919,4677.2273919452
"1110",2020-09-26,"D","Median",17.7112182485442,4694.93861019374
"1111",2020-09-27,"D","Median",16.6897886186532,4711.6283988124
"1112",2020-09-28,"D","Median",15.8373637419593,4727.46576255435
"1113",2020-09-29,"D","Median",14.9945202505651,4742.46028280492
"1114",2020-09-30,"D","Median",14.2730791439693,4756.73336194889
"1115",2020-10-01,"D","Median",13.5183790271929,4770.25174097608
"1116",2020-10-02,"D","Median",12.9332709088085,4783.18501188489
"1117",2020-10-03,"D","Median",12.3518457438982,4795.53685762879
"1118",2020-10-04,"D","Median",11.668846665736,4807.20570429452
"1119",2020-10-05,"D","Median",11.0451397181827,4818.25084401271
"1120",2020-10-06,"D","Median",10.5157991536362,4828.76664316634
"1121",2020-10-07,"D","Median",9.77638179119769,4838.54302495754
"1122",2020-10-08,"D","Median",9.43098843207916,4847.97401338962
"1123",2020-10-09,"D","Median",9.04487661660777,4857.01889000623
"1124",2020-10-10,"D","Median",8.62132740231803,4865.64021740855
"1125",2020-10-11,"D","Median",7.99269334785531,4873.6329107564
"1126",2020-10-12,"D","Median",7.68833715602959,4881.32124791243
"1127",2020-10-13,"D","Median",7.22834738637743,4888.54959529881
"1128",2020-10-14,"D","Median",6.93538559857143,4895.48498089738
"1129",2020-10-15,"D","Median",6.43140384506948,4901.91638474245
"1130",2020-10-16,"D","Median",6.30440282490826,4908.22078756736
"1131",2020-10-17,"D","Median",5.79211878498778,4914.01290635235
"1132",2020-10-18,"D","Median",5.48376173523091,4919.49666808758
"1133",2020-10-19,"D","Median",5.31561165530396,4924.81227974288
"1134",2020-10-20,"D","Median",4.93871558003402,4929.75099532291
"1135",2020-10-21,"D","Median",4.68662860646022,4934.43762392937
"1136",2020-10-22,"D","Median",4.36225843487917,4938.79988236425
"1137",2020-10-23,"D","Median",4.18679794241497,4942.98668030667
"1138",2020-10-24,"D","Median",3.85989520783883,4946.84657551451
"1139",2020-10-25,"D","Median",3.66417015286872,4950.51074566738
"1140",2020-10-26,"D","Median",3.55088190770773,4954.06162757508
"1141",2020-10-27,"D","Median",3.27488025632964,4957.33650783141
"1142",2020-10-28,"D","Median",3.18666069218257,4960.5231685236
"1143",2020-10-29,"D","Median",3.03990287661585,4963.56307140021
"1144",2020-10-30,"D","Median",2.71269000468303,4966.2757614049
"1145",2020-10-31,"D","Median",2.66182031897892,4968.93758172387
"1146",2020-11-01,"D","Median",2.51103060700542,4971.44861233088
"1147",2020-11-02,"D","Median",2.34981226360307,4973.79842459448
"1148",2020-11-03,"D","Median",2.2412386255318,4976.03966322001
"1149",2020-11-04,"D","Median",2.0986306500829,4978.1382938701
"1150",2020-11-05,"D","Median",1.93151304931332,4980.06980691941
"1151",2020-11-06,"D","Median",1.86868544195648,4981.93849236137
"1152",2020-11-07,"D","Median",1.84207857050653,4983.78057093187
"1153",2020-11-08,"D","Median",1.80972577831066,4985.59029671018
"1154",2020-11-09,"D","Median",1.61075674218922,4987.20105345237
"1155",2020-11-10,"D","Median",1.45725125762484,4988.65830471
"1156",2020-11-11,"D","Median",1.4343938034243,4990.09269851342
"1157",2020-11-12,"D","Median",1.4323938034243,4991.52509231685
"1158",2020-11-13,"D","Median",1.27988831885992,4992.80498063571
"1159",2020-11-14,"D","Median",1.19220752789947,4993.99718816361
"1160",2020-11-15,"D","Median",1.06030949753562,4995.05749766114
"1161",2020-11-16,"D","Median",1.03695204333509,4996.09444970448
"1162",2020-11-17,"D","Median",1.01309458913456,4997.10754429361
"1163",2020-11-18,"D","Median",1.00509866838863,4998.112642962
"1164",2020-11-19,"D","Median",0.980741214188101,4999.09338417619
"1165",2020-11-20,"D","Median",0.85924388187322,4999.95262805806
"1166",2020-11-21,"D","Median",0.83498165036964,5000.78760970843
"1167",2020-11-22,"D","Median",0.761162975614383,5001.54877268405
"1168",2020-11-23,"D","Median",0.73730552141385,5002.28607820546
"1169",2020-11-24,"D","Median",0.609407491050001,5002.89548569651
"1170",2020-11-25,"D","Median",0.608407491050001,5003.50389318756
"1171",2020-11-26,"D","Median",0.589452483150184,5004.09334567071
"1172",2020-11-27,"D","Median",0.587797705847137,5004.68114337656
"1173",2020-11-28,"D","Median",0.5788023678518,5005.25994574441
"1174",2020-11-29,"D","Median",0.559192582648936,5005.81913832706
"1175",2020-11-30,"D","Median",0.449904337487951,5006.26904266454
"1176",2020-12-01,"D","Median",0.448904337487951,5006.71794700203
"1177",2020-12-02,"D","Median",0.429294552285087,5007.14724155432
"1178",2020-12-03,"D","Median",0.429294552285087,5007.5765361066
"1179",2020-12-04,"D","Median",0.424296883287418,5008.00083298989
"1180",2020-12-05,"D","Median",0.337616092326966,5008.33844908222
"1181",2020-12-06,"D","Median",0.318006307124102,5008.65645538934
"1182",2020-12-07,"D","Median",0.313008638126433,5008.96946402747
"1183",2020-12-08,"D","Median",0.294398852923569,5009.26386288039
"1184",2020-12-09,"D","Median",0.294398852923569,5009.55826173331
"1185",2020-12-10,"D","Median",0.293398852923569,5009.85166058624
"1186",2020-12-11,"D","Median",0.206718061963117,5010.0583786482
"1187",2020-12-12,"D","Median",0.179112938764915,5010.23749158697
"1188",2020-12-13,"D","Median",0.183110607762584,5010.42060219473
"1189",2020-12-14,"D","Median",0.179112938764915,5010.59971513349
"1190",2020-12-15,"D","Median",0.178112938764915,5010.77782807226
"1191",2020-12-16,"D","Median",0.178112938764915,5010.95594101102
"1192",2020-12-17,"D","Median",0.178112938764915,5011.13405394979
"1193",2020-12-18,"D","Median",0.164155599862767,5011.29820954965
"1194",2020-12-19,"D","Median",0.154505484564382,5011.45271503422
"1195",2020-12-20,"D","Median",0.154505484564382,5011.60722051878
"1196",2020-12-21,"D","Median",0.154505484564382,5011.76172600334
"1197",2020-12-22,"D","Median",0.154505484564382,5011.91623148791
"1198",2020-12-23,"D","Median",0.153505484564382,5012.06973697247
"1199",2020-12-24,"D","Median",0.153505484564382,5012.22324245704
"1200",2020-12-25,"D","Median",0.134895699361518,5012.3581381564
